Copyright 1986-2022 Xilinx, Inc. All Rights Reserved. Copyright 2022-2025 Advanced Micro Devices, Inc. All Rights Reserved.
------------------------------------------------------------------------------------------------------------------------------------------------------------------------------------------------------------------------------------------------------------------------------
| Tool Version : Vivado v.2025.1 (win64) Build 6140274 Thu May 22 00:12:29 MDT 2025
| Date         : Tue Sep 29 12:40:33 2026
| Host         : Chimbuchi running 64-bit major release  (build 9200)
| Command      : report_timing_summary -max_paths 10 -routable_nets -report_unconstrained -file basys3_sha256_uart_top_timing_summary_routed.rpt -pb basys3_sha256_uart_top_timing_summary_routed.pb -rpx basys3_sha256_uart_top_timing_summary_routed.rpx -warn_on_violation
| Design       : basys3_sha256_uart_top
| Device       : 7a35t-cpg236
| Speed File   : -1  PRODUCTION 1.23 2018-06-13
| Design State : Routed
------------------------------------------------------------------------------------------------------------------------------------------------------------------------------------------------------------------------------------------------------------------------------

Timing Summary Report

------------------------------------------------------------------------------------------------
| Timer Settings
| --------------
------------------------------------------------------------------------------------------------

  Enable Multi Corner Analysis               :  Yes
  Enable Pessimism Removal                   :  Yes
  Pessimism Removal Resolution               :  Nearest Common Node
  Enable Input Delay Default Clock           :  No
  Enable Preset / Clear Arcs                 :  No
  Disable Flight Delays                      :  No
  Ignore I/O Paths                           :  No
  Timing Early Launch at Borrowing Latches   :  No
  Borrow Time for Max Delay Exceptions       :  Yes
  Merge Timing Exceptions                    :  Yes
  Inter-SLR Compensation                     :  Conservative

  Corner  Analyze    Analyze    
  Name    Max Paths  Min Paths  
  ------  ---------  ---------  
  Slow    Yes        Yes        
  Fast    Yes        Yes        


------------------------------------------------------------------------------------------------
| Report Methodology
| ------------------
------------------------------------------------------------------------------------------------

Rule       Severity  Description                    Violations  
---------  --------  -----------------------------  ----------  
TIMING-18  Warning   Missing input or output delay  6           

Note: This report is based on the most recent report_methodology run and may not be up-to-date. Run report_methodology on the current design for the latest report.



check_timing report

Table of Contents
-----------------
1. checking no_clock (0)
2. checking constant_clock (0)
3. checking pulse_width_clock (0)
4. checking unconstrained_internal_endpoints (0)
5. checking no_input_delay (2)
6. checking no_output_delay (4)
7. checking multiple_clock (0)
8. checking generated_clocks (0)
9. checking loops (0)
10. checking partial_input_delay (0)
11. checking partial_output_delay (0)
12. checking latch_loops (0)

1. checking no_clock (0)
------------------------
 There are 0 register/latch pins with no clock.


2. checking constant_clock (0)
------------------------------
 There are 0 register/latch pins with constant_clock.


3. checking pulse_width_clock (0)
---------------------------------
 There are 0 register/latch pins which need pulse_width check


4. checking unconstrained_internal_endpoints (0)
------------------------------------------------
 There are 0 pins that are not constrained for maximum delay.

 There are 0 pins that are not constrained for maximum delay due to constant clock.


5. checking no_input_delay (2)
------------------------------
 There are 2 input ports with no input delay specified. (HIGH)

 There are 0 input ports with no input delay but user has a false path constraint.


6. checking no_output_delay (4)
-------------------------------
 There are 4 ports with no output delay specified. (HIGH)

 There are 0 ports with no output delay but user has a false path constraint

 There are 0 ports with no output delay but with a timing clock defined on it or propagating through it


7. checking multiple_clock (0)
------------------------------
 There are 0 register/latch pins with multiple clocks.


8. checking generated_clocks (0)
--------------------------------
 There are 0 generated clocks that are not connected to a clock source.


9. checking loops (0)
---------------------
 There are 0 combinational loops in the design.


10. checking partial_input_delay (0)
------------------------------------
 There are 0 input ports with partial input delay specified.


11. checking partial_output_delay (0)
-------------------------------------
 There are 0 ports with partial output delay specified.


12. checking latch_loops (0)
----------------------------
 There are 0 combinational latch loops in the design through latch input



------------------------------------------------------------------------------------------------
| Design Timing Summary
| ---------------------
------------------------------------------------------------------------------------------------

    WNS(ns)      TNS(ns)  TNS Failing Endpoints  TNS Total Endpoints      WHS(ns)      THS(ns)  THS Failing Endpoints  THS Total Endpoints     WPWS(ns)     TPWS(ns)  TPWS Failing Endpoints  TPWS Total Endpoints  
    -------      -------  ---------------------  -------------------      -------      -------  ---------------------  -------------------     --------     --------  ----------------------  --------------------  
      0.518        0.000                      0                12947        0.015        0.000                      0                12947        4.500        0.000                       0                  4338  


All user specified timing constraints are met.


------------------------------------------------------------------------------------------------
| Clock Summary
| -------------
------------------------------------------------------------------------------------------------

Clock        Waveform(ns)       Period(ns)      Frequency(MHz)
-----        ------------       ----------      --------------
sys_clk_pin  {0.000 5.000}      10.000          100.000         


------------------------------------------------------------------------------------------------
| Intra Clock Table
| -----------------
------------------------------------------------------------------------------------------------

Clock             WNS(ns)      TNS(ns)  TNS Failing Endpoints  TNS Total Endpoints      WHS(ns)      THS(ns)  THS Failing Endpoints  THS Total Endpoints     WPWS(ns)     TPWS(ns)  TPWS Failing Endpoints  TPWS Total Endpoints  
-----             -------      -------  ---------------------  -------------------      -------      -------  ---------------------  -------------------     --------     --------  ----------------------  --------------------  
sys_clk_pin         0.518        0.000                      0                 8612        0.015        0.000                      0                 8612        4.500        0.000                       0                  4338  


------------------------------------------------------------------------------------------------
| Inter Clock Table
| -----------------
------------------------------------------------------------------------------------------------

From Clock    To Clock          WNS(ns)      TNS(ns)  TNS Failing Endpoints  TNS Total Endpoints      WHS(ns)      THS(ns)  THS Failing Endpoints  THS Total Endpoints  
----------    --------          -------      -------  ---------------------  -------------------      -------      -------  ---------------------  -------------------  


------------------------------------------------------------------------------------------------
| Other Path Groups Table
| -----------------------
------------------------------------------------------------------------------------------------

Path Group         From Clock         To Clock               WNS(ns)      TNS(ns)  TNS Failing Endpoints  TNS Total Endpoints      WHS(ns)      THS(ns)  THS Failing Endpoints  THS Total Endpoints  
----------         ----------         --------               -------      -------  ---------------------  -------------------      -------      -------  ---------------------  -------------------  
**async_default**  sys_clk_pin        sys_clk_pin              2.976        0.000                      0                 4335        0.710        0.000                      0                 4335  


------------------------------------------------------------------------------------------------
| User Ignored Path Table
| -----------------------
------------------------------------------------------------------------------------------------

Path Group    From Clock    To Clock    
----------    ----------    --------    


------------------------------------------------------------------------------------------------
| Unconstrained Path Table
| ------------------------
------------------------------------------------------------------------------------------------

Path Group    From Clock    To Clock    
----------    ----------    --------    
(none)        sys_clk_pin                 
(none)                      sys_clk_pin   


------------------------------------------------------------------------------------------------
| Timing Details
| --------------
------------------------------------------------------------------------------------------------


---------------------------------------------------------------------------------------------------
From Clock:  sys_clk_pin
  To Clock:  sys_clk_pin

Setup :            0  Failing Endpoints,  Worst Slack        0.518ns,  Total Violation        0.000ns
Hold  :            0  Failing Endpoints,  Worst Slack        0.015ns,  Total Violation        0.000ns
PW    :            0  Failing Endpoints,  Worst Slack        4.500ns,  Total Violation        0.000ns
---------------------------------------------------------------------------------------------------


Max Delay Paths
--------------------------------------------------------------------------------------
Slack (MET) :             0.518ns  (required time - arrival time)
  Source:                 u_sha_top/core/hash_core/round_count_reg[1]/C
                            (rising edge-triggered cell FDCE clocked by sys_clk_pin  {rise@0.000ns fall@5.000ns period=10.000ns})
  Destination:            u_sha_top/core/hash_core/a_reg_reg[29]/D
                            (rising edge-triggered cell FDCE clocked by sys_clk_pin  {rise@0.000ns fall@5.000ns period=10.000ns})
  Path Group:             sys_clk_pin
  Path Type:              Setup (Max at Slow Process Corner)
  Requirement:            10.000ns  (sys_clk_pin rise@10.000ns - sys_clk_pin rise@0.000ns)
  Data Path Delay:        9.435ns  (logic 5.018ns (53.183%)  route 4.417ns (46.817%))
  Logic Levels:           18  (CARRY4=10 LUT3=1 LUT4=1 LUT5=3 LUT6=3)
  Clock Path Skew:        -0.043ns (DCD - SCD + CPR)
    Destination Clock Delay (DCD):    4.787ns = ( 14.787 - 10.000 ) 
    Source Clock Delay      (SCD):    5.090ns
    Clock Pessimism Removal (CPR):    0.260ns
  Clock Uncertainty:      0.035ns  ((TSJ^2 + TIJ^2)^1/2 + DJ) / 2 + PE
    Total System Jitter     (TSJ):    0.071ns
    Total Input Jitter      (TIJ):    0.000ns
    Discrete Jitter          (DJ):    0.000ns
    Phase Error              (PE):    0.000ns

    Location             Delay type                Incr(ns)  Path(ns)    Netlist Resource(s)
  -------------------------------------------------------------------    -------------------
                         (clock sys_clk_pin rise edge)
                                                      0.000     0.000 r  
    W5                                                0.000     0.000 r  clk (IN)
                         net (fo=0)                   0.000     0.000    clk
    W5                   IBUF (Prop_ibuf_I_O)         1.458     1.458 r  clk_IBUF_inst/O
                         net (fo=1, routed)           1.967     3.425    clk_IBUF
    BUFGCTRL_X0Y0        BUFG (Prop_bufg_I_O)         0.096     3.521 r  clk_IBUF_BUFG_inst/O
                         net (fo=4337, routed)        1.569     5.090    u_sha_top/core/hash_core/clk_IBUF_BUFG
    SLICE_X50Y40         FDCE                                         r  u_sha_top/core/hash_core/round_count_reg[1]/C
  -------------------------------------------------------------------    -------------------
    SLICE_X50Y40         FDCE (Prop_fdce_C_Q)         0.478     5.568 r  u_sha_top/core/hash_core/round_count_reg[1]/Q
                         net (fo=38, routed)          1.304     6.872    u_sha_top/core/hash_core/round[1]
    SLICE_X46Y39         LUT6 (Prop_lut6_I1_O)        0.295     7.167 r  u_sha_top/core/hash_core/g0_b0/O
                         net (fo=2, routed)           0.410     7.577    u_sha_top/core/hash_core/k_t[0]
    SLICE_X45Y38         LUT3 (Prop_lut3_I1_O)        0.124     7.701 r  u_sha_top/core/hash_core/a_reg[11]_i_31/O
                         net (fo=2, routed)           0.310     8.011    u_sha_top/core/hash_core/a_reg[11]_i_31_n_0
    SLICE_X47Y39         LUT4 (Prop_lut4_I3_O)        0.124     8.135 r  u_sha_top/core/hash_core/a_reg[11]_i_34/O
                         net (fo=1, routed)           0.000     8.135    u_sha_top/core/hash_core/a_reg[11]_i_34_n_0
    SLICE_X47Y39         CARRY4 (Prop_carry4_S[1]_CO[3])
                                                      0.550     8.685 r  u_sha_top/core/hash_core/a_reg_reg[11]_i_27/CO[3]
                         net (fo=1, routed)           0.000     8.685    u_sha_top/core/hash_core/a_reg_reg[11]_i_27_n_0
    SLICE_X47Y40         CARRY4 (Prop_carry4_CI_CO[3])
                                                      0.114     8.799 r  u_sha_top/core/hash_core/a_reg_reg[15]_i_27/CO[3]
                         net (fo=1, routed)           0.000     8.799    u_sha_top/core/hash_core/a_reg_reg[15]_i_27_n_0
    SLICE_X47Y41         CARRY4 (Prop_carry4_CI_CO[3])
                                                      0.114     8.913 r  u_sha_top/core/hash_core/a_reg_reg[19]_i_27/CO[3]
                         net (fo=1, routed)           0.000     8.913    u_sha_top/core/hash_core/a_reg_reg[19]_i_27_n_0
    SLICE_X47Y42         CARRY4 (Prop_carry4_CI_O[1])
                                                      0.334     9.247 r  u_sha_top/core/hash_core/a_reg_reg[23]_i_27/O[1]
                         net (fo=2, routed)           0.442     9.689    u_sha_top/core/hash_core/a_reg_reg[23]_i_27_n_6
    SLICE_X44Y41         LUT5 (Prop_lut5_I0_O)        0.303     9.992 r  u_sha_top/core/hash_core/a_reg[19]_i_17/O
                         net (fo=2, routed)           0.589    10.581    u_sha_top/core/hash_core/a_reg[19]_i_17_n_0
    SLICE_X43Y41         LUT6 (Prop_lut6_I0_O)        0.124    10.705 r  u_sha_top/core/hash_core/a_reg[19]_i_21/O
                         net (fo=1, routed)           0.000    10.705    u_sha_top/core/hash_core/a_reg[19]_i_21_n_0
    SLICE_X43Y41         CARRY4 (Prop_carry4_S[2]_CO[3])
                                                      0.398    11.103 r  u_sha_top/core/hash_core/a_reg_reg[19]_i_15/CO[3]
                         net (fo=1, routed)           0.000    11.103    u_sha_top/core/hash_core/a_reg_reg[19]_i_15_n_0
    SLICE_X43Y42         CARRY4 (Prop_carry4_CI_CO[3])
                                                      0.114    11.217 r  u_sha_top/core/hash_core/a_reg_reg[23]_i_15/CO[3]
                         net (fo=1, routed)           0.000    11.217    u_sha_top/core/hash_core/a_reg_reg[23]_i_15_n_0
    SLICE_X43Y43         CARRY4 (Prop_carry4_CI_O[0])
                                                      0.222    11.439 r  u_sha_top/core/hash_core/a_reg_reg[27]_i_15/O[0]
                         net (fo=3, routed)           0.503    11.941    u_sha_top/core/hash_core/p_1_in[20]
    SLICE_X41Y43         LUT5 (Prop_lut5_I4_O)        0.299    12.240 r  u_sha_top/core/hash_core/a_reg[23]_i_5/O
                         net (fo=2, routed)           0.453    12.694    u_sha_top/core/hash_core/a_reg[23]_i_5_n_0
    SLICE_X39Y44         LUT6 (Prop_lut6_I0_O)        0.124    12.818 r  u_sha_top/core/hash_core/a_reg[23]_i_9/O
                         net (fo=1, routed)           0.000    12.818    u_sha_top/core/hash_core/a_reg[23]_i_9_n_0
    SLICE_X39Y44         CARRY4 (Prop_carry4_S[1]_CO[3])
                                                      0.550    13.368 r  u_sha_top/core/hash_core/a_reg_reg[23]_i_2/CO[3]
                         net (fo=1, routed)           0.000    13.368    u_sha_top/core/hash_core/a_reg_reg[23]_i_2_n_0
    SLICE_X39Y45         CARRY4 (Prop_carry4_CI_CO[3])
                                                      0.114    13.482 r  u_sha_top/core/hash_core/a_reg_reg[27]_i_2/CO[3]
                         net (fo=1, routed)           0.000    13.482    u_sha_top/core/hash_core/a_reg_reg[27]_i_2_n_0
    SLICE_X39Y46         CARRY4 (Prop_carry4_CI_O[1])
                                                      0.334    13.816 r  u_sha_top/core/hash_core/a_reg_reg[31]_i_3/O[1]
                         net (fo=1, routed)           0.407    14.223    u_sha_top/core/hash_core/in7[29]
    SLICE_X39Y47         LUT5 (Prop_lut5_I3_O)        0.303    14.526 r  u_sha_top/core/hash_core/a_reg[29]_i_1/O
                         net (fo=1, routed)           0.000    14.526    u_sha_top/core/hash_core/a_reg[29]_i_1_n_0
    SLICE_X39Y47         FDCE                                         r  u_sha_top/core/hash_core/a_reg_reg[29]/D
  -------------------------------------------------------------------    -------------------

                         (clock sys_clk_pin rise edge)
                                                     10.000    10.000 r  
    W5                                                0.000    10.000 r  clk (IN)
                         net (fo=0)                   0.000    10.000    clk
    W5                   IBUF (Prop_ibuf_I_O)         1.388    11.388 r  clk_IBUF_inst/O
                         net (fo=1, routed)           1.862    13.250    clk_IBUF
    BUFGCTRL_X0Y0        BUFG (Prop_bufg_I_O)         0.091    13.341 r  clk_IBUF_BUFG_inst/O
                         net (fo=4337, routed)        1.446    14.787    u_sha_top/core/hash_core/clk_IBUF_BUFG
    SLICE_X39Y47         FDCE                                         r  u_sha_top/core/hash_core/a_reg_reg[29]/C
                         clock pessimism              0.260    15.047    
                         clock uncertainty           -0.035    15.012    
    SLICE_X39Y47         FDCE (Setup_fdce_C_D)        0.032    15.044    u_sha_top/core/hash_core/a_reg_reg[29]
  -------------------------------------------------------------------
                         required time                         15.044    
                         arrival time                         -14.526    
  -------------------------------------------------------------------
                         slack                                  0.518    

Slack (MET) :             0.585ns  (required time - arrival time)
  Source:                 u_uart_rx/data_reg_reg[5]/C
                            (rising edge-triggered cell FDCE clocked by sys_clk_pin  {rise@0.000ns fall@5.000ns period=10.000ns})
  Destination:            msg_mem_reg[19][5]/D
                            (rising edge-triggered cell FDCE clocked by sys_clk_pin  {rise@0.000ns fall@5.000ns period=10.000ns})
  Path Group:             sys_clk_pin
  Path Type:              Setup (Max at Slow Process Corner)
  Requirement:            10.000ns  (sys_clk_pin rise@10.000ns - sys_clk_pin rise@0.000ns)
  Data Path Delay:        9.249ns  (logic 0.456ns (4.930%)  route 8.793ns (95.070%))
  Logic Levels:           0  
  Clock Path Skew:        -0.102ns (DCD - SCD + CPR)
    Destination Clock Delay (DCD):    4.795ns = ( 14.795 - 10.000 ) 
    Source Clock Delay      (SCD):    5.085ns
    Clock Pessimism Removal (CPR):    0.188ns
  Clock Uncertainty:      0.035ns  ((TSJ^2 + TIJ^2)^1/2 + DJ) / 2 + PE
    Total System Jitter     (TSJ):    0.071ns
    Total Input Jitter      (TIJ):    0.000ns
    Discrete Jitter          (DJ):    0.000ns
    Phase Error              (PE):    0.000ns

    Location             Delay type                Incr(ns)  Path(ns)    Netlist Resource(s)
  -------------------------------------------------------------------    -------------------
                         (clock sys_clk_pin rise edge)
                                                      0.000     0.000 r  
    W5                                                0.000     0.000 r  clk (IN)
                         net (fo=0)                   0.000     0.000    clk
    W5                   IBUF (Prop_ibuf_I_O)         1.458     1.458 r  clk_IBUF_inst/O
                         net (fo=1, routed)           1.967     3.425    clk_IBUF
    BUFGCTRL_X0Y0        BUFG (Prop_bufg_I_O)         0.096     3.521 r  clk_IBUF_BUFG_inst/O
                         net (fo=4337, routed)        1.564     5.085    u_uart_rx/clk_IBUF_BUFG
    SLICE_X33Y7          FDCE                                         r  u_uart_rx/data_reg_reg[5]/C
  -------------------------------------------------------------------    -------------------
    SLICE_X33Y7          FDCE (Prop_fdce_C_Q)         0.456     5.541 r  u_uart_rx/data_reg_reg[5]/Q
                         net (fo=260, routed)         8.793    14.335    rx_data[5]
    SLICE_X56Y0          FDCE                                         r  msg_mem_reg[19][5]/D
  -------------------------------------------------------------------    -------------------

                         (clock sys_clk_pin rise edge)
                                                     10.000    10.000 r  
    W5                                                0.000    10.000 r  clk (IN)
                         net (fo=0)                   0.000    10.000    clk
    W5                   IBUF (Prop_ibuf_I_O)         1.388    11.388 r  clk_IBUF_inst/O
                         net (fo=1, routed)           1.862    13.250    clk_IBUF
    BUFGCTRL_X0Y0        BUFG (Prop_bufg_I_O)         0.091    13.341 r  clk_IBUF_BUFG_inst/O
                         net (fo=4337, routed)        1.454    14.795    clk_IBUF_BUFG
    SLICE_X56Y0          FDCE                                         r  msg_mem_reg[19][5]/C
                         clock pessimism              0.188    14.983    
                         clock uncertainty           -0.035    14.948    
    SLICE_X56Y0          FDCE (Setup_fdce_C_D)       -0.028    14.920    msg_mem_reg[19][5]
  -------------------------------------------------------------------
                         required time                         14.920    
                         arrival time                         -14.335    
  -------------------------------------------------------------------
                         slack                                  0.585    

Slack (MET) :             0.612ns  (required time - arrival time)
  Source:                 u_sha_top/core/hash_core/round_count_reg[1]/C
                            (rising edge-triggered cell FDCE clocked by sys_clk_pin  {rise@0.000ns fall@5.000ns period=10.000ns})
  Destination:            u_sha_top/core/hash_core/a_reg_reg[30]/D
                            (rising edge-triggered cell FDCE clocked by sys_clk_pin  {rise@0.000ns fall@5.000ns period=10.000ns})
  Path Group:             sys_clk_pin
  Path Type:              Setup (Max at Slow Process Corner)
  Requirement:            10.000ns  (sys_clk_pin rise@10.000ns - sys_clk_pin rise@0.000ns)
  Data Path Delay:        9.339ns  (logic 4.922ns (52.704%)  route 4.417ns (47.296%))
  Logic Levels:           18  (CARRY4=10 LUT3=1 LUT4=1 LUT5=3 LUT6=3)
  Clock Path Skew:        -0.043ns (DCD - SCD + CPR)
    Destination Clock Delay (DCD):    4.787ns = ( 14.787 - 10.000 ) 
    Source Clock Delay      (SCD):    5.090ns
    Clock Pessimism Removal (CPR):    0.260ns
  Clock Uncertainty:      0.035ns  ((TSJ^2 + TIJ^2)^1/2 + DJ) / 2 + PE
    Total System Jitter     (TSJ):    0.071ns
    Total Input Jitter      (TIJ):    0.000ns
    Discrete Jitter          (DJ):    0.000ns
    Phase Error              (PE):    0.000ns

    Location             Delay type                Incr(ns)  Path(ns)    Netlist Resource(s)
  -------------------------------------------------------------------    -------------------
                         (clock sys_clk_pin rise edge)
                                                      0.000     0.000 r  
    W5                                                0.000     0.000 r  clk (IN)
                         net (fo=0)                   0.000     0.000    clk
    W5                   IBUF (Prop_ibuf_I_O)         1.458     1.458 r  clk_IBUF_inst/O
                         net (fo=1, routed)           1.967     3.425    clk_IBUF
    BUFGCTRL_X0Y0        BUFG (Prop_bufg_I_O)         0.096     3.521 r  clk_IBUF_BUFG_inst/O
                         net (fo=4337, routed)        1.569     5.090    u_sha_top/core/hash_core/clk_IBUF_BUFG
    SLICE_X50Y40         FDCE                                         r  u_sha_top/core/hash_core/round_count_reg[1]/C
  -------------------------------------------------------------------    -------------------
    SLICE_X50Y40         FDCE (Prop_fdce_C_Q)         0.478     5.568 r  u_sha_top/core/hash_core/round_count_reg[1]/Q
                         net (fo=38, routed)          1.304     6.872    u_sha_top/core/hash_core/round[1]
    SLICE_X46Y39         LUT6 (Prop_lut6_I1_O)        0.295     7.167 r  u_sha_top/core/hash_core/g0_b0/O
                         net (fo=2, routed)           0.410     7.577    u_sha_top/core/hash_core/k_t[0]
    SLICE_X45Y38         LUT3 (Prop_lut3_I1_O)        0.124     7.701 r  u_sha_top/core/hash_core/a_reg[11]_i_31/O
                         net (fo=2, routed)           0.310     8.011    u_sha_top/core/hash_core/a_reg[11]_i_31_n_0
    SLICE_X47Y39         LUT4 (Prop_lut4_I3_O)        0.124     8.135 r  u_sha_top/core/hash_core/a_reg[11]_i_34/O
                         net (fo=1, routed)           0.000     8.135    u_sha_top/core/hash_core/a_reg[11]_i_34_n_0
    SLICE_X47Y39         CARRY4 (Prop_carry4_S[1]_CO[3])
                                                      0.550     8.685 r  u_sha_top/core/hash_core/a_reg_reg[11]_i_27/CO[3]
                         net (fo=1, routed)           0.000     8.685    u_sha_top/core/hash_core/a_reg_reg[11]_i_27_n_0
    SLICE_X47Y40         CARRY4 (Prop_carry4_CI_CO[3])
                                                      0.114     8.799 r  u_sha_top/core/hash_core/a_reg_reg[15]_i_27/CO[3]
                         net (fo=1, routed)           0.000     8.799    u_sha_top/core/hash_core/a_reg_reg[15]_i_27_n_0
    SLICE_X47Y41         CARRY4 (Prop_carry4_CI_CO[3])
                                                      0.114     8.913 r  u_sha_top/core/hash_core/a_reg_reg[19]_i_27/CO[3]
                         net (fo=1, routed)           0.000     8.913    u_sha_top/core/hash_core/a_reg_reg[19]_i_27_n_0
    SLICE_X47Y42         CARRY4 (Prop_carry4_CI_O[1])
                                                      0.334     9.247 r  u_sha_top/core/hash_core/a_reg_reg[23]_i_27/O[1]
                         net (fo=2, routed)           0.442     9.689    u_sha_top/core/hash_core/a_reg_reg[23]_i_27_n_6
    SLICE_X44Y41         LUT5 (Prop_lut5_I0_O)        0.303     9.992 r  u_sha_top/core/hash_core/a_reg[19]_i_17/O
                         net (fo=2, routed)           0.589    10.581    u_sha_top/core/hash_core/a_reg[19]_i_17_n_0
    SLICE_X43Y41         LUT6 (Prop_lut6_I0_O)        0.124    10.705 r  u_sha_top/core/hash_core/a_reg[19]_i_21/O
                         net (fo=1, routed)           0.000    10.705    u_sha_top/core/hash_core/a_reg[19]_i_21_n_0
    SLICE_X43Y41         CARRY4 (Prop_carry4_S[2]_CO[3])
                                                      0.398    11.103 r  u_sha_top/core/hash_core/a_reg_reg[19]_i_15/CO[3]
                         net (fo=1, routed)           0.000    11.103    u_sha_top/core/hash_core/a_reg_reg[19]_i_15_n_0
    SLICE_X43Y42         CARRY4 (Prop_carry4_CI_CO[3])
                                                      0.114    11.217 r  u_sha_top/core/hash_core/a_reg_reg[23]_i_15/CO[3]
                         net (fo=1, routed)           0.000    11.217    u_sha_top/core/hash_core/a_reg_reg[23]_i_15_n_0
    SLICE_X43Y43         CARRY4 (Prop_carry4_CI_O[0])
                                                      0.222    11.439 r  u_sha_top/core/hash_core/a_reg_reg[27]_i_15/O[0]
                         net (fo=3, routed)           0.503    11.941    u_sha_top/core/hash_core/p_1_in[20]
    SLICE_X41Y43         LUT5 (Prop_lut5_I4_O)        0.299    12.240 r  u_sha_top/core/hash_core/a_reg[23]_i_5/O
                         net (fo=2, routed)           0.453    12.694    u_sha_top/core/hash_core/a_reg[23]_i_5_n_0
    SLICE_X39Y44         LUT6 (Prop_lut6_I0_O)        0.124    12.818 r  u_sha_top/core/hash_core/a_reg[23]_i_9/O
                         net (fo=1, routed)           0.000    12.818    u_sha_top/core/hash_core/a_reg[23]_i_9_n_0
    SLICE_X39Y44         CARRY4 (Prop_carry4_S[1]_CO[3])
                                                      0.550    13.368 r  u_sha_top/core/hash_core/a_reg_reg[23]_i_2/CO[3]
                         net (fo=1, routed)           0.000    13.368    u_sha_top/core/hash_core/a_reg_reg[23]_i_2_n_0
    SLICE_X39Y45         CARRY4 (Prop_carry4_CI_CO[3])
                                                      0.114    13.482 r  u_sha_top/core/hash_core/a_reg_reg[27]_i_2/CO[3]
                         net (fo=1, routed)           0.000    13.482    u_sha_top/core/hash_core/a_reg_reg[27]_i_2_n_0
    SLICE_X39Y46         CARRY4 (Prop_carry4_CI_O[2])
                                                      0.239    13.721 r  u_sha_top/core/hash_core/a_reg_reg[31]_i_3/O[2]
                         net (fo=1, routed)           0.407    14.127    u_sha_top/core/hash_core/in7[30]
    SLICE_X39Y47         LUT5 (Prop_lut5_I3_O)        0.302    14.429 r  u_sha_top/core/hash_core/a_reg[30]_i_1/O
                         net (fo=1, routed)           0.000    14.429    u_sha_top/core/hash_core/a_reg[30]_i_1_n_0
    SLICE_X39Y47         FDCE                                         r  u_sha_top/core/hash_core/a_reg_reg[30]/D
  -------------------------------------------------------------------    -------------------

                         (clock sys_clk_pin rise edge)
                                                     10.000    10.000 r  
    W5                                                0.000    10.000 r  clk (IN)
                         net (fo=0)                   0.000    10.000    clk
    W5                   IBUF (Prop_ibuf_I_O)         1.388    11.388 r  clk_IBUF_inst/O
                         net (fo=1, routed)           1.862    13.250    clk_IBUF
    BUFGCTRL_X0Y0        BUFG (Prop_bufg_I_O)         0.091    13.341 r  clk_IBUF_BUFG_inst/O
                         net (fo=4337, routed)        1.446    14.787    u_sha_top/core/hash_core/clk_IBUF_BUFG
    SLICE_X39Y47         FDCE                                         r  u_sha_top/core/hash_core/a_reg_reg[30]/C
                         clock pessimism              0.260    15.047    
                         clock uncertainty           -0.035    15.012    
    SLICE_X39Y47         FDCE (Setup_fdce_C_D)        0.029    15.041    u_sha_top/core/hash_core/a_reg_reg[30]
  -------------------------------------------------------------------
                         required time                         15.041    
                         arrival time                         -14.429    
  -------------------------------------------------------------------
                         slack                                  0.612    

Slack (MET) :             0.617ns  (required time - arrival time)
  Source:                 u_sha_top/core/hash_core/round_count_reg[1]/C
                            (rising edge-triggered cell FDCE clocked by sys_clk_pin  {rise@0.000ns fall@5.000ns period=10.000ns})
  Destination:            u_sha_top/core/hash_core/a_reg_reg[27]/D
                            (rising edge-triggered cell FDCE clocked by sys_clk_pin  {rise@0.000ns fall@5.000ns period=10.000ns})
  Path Group:             sys_clk_pin
  Path Type:              Setup (Max at Slow Process Corner)
  Requirement:            10.000ns  (sys_clk_pin rise@10.000ns - sys_clk_pin rise@0.000ns)
  Data Path Delay:        9.336ns  (logic 4.886ns (52.334%)  route 4.450ns (47.665%))
  Logic Levels:           17  (CARRY4=9 LUT3=1 LUT4=1 LUT5=3 LUT6=3)
  Clock Path Skew:        -0.044ns (DCD - SCD + CPR)
    Destination Clock Delay (DCD):    4.786ns = ( 14.786 - 10.000 ) 
    Source Clock Delay      (SCD):    5.090ns
    Clock Pessimism Removal (CPR):    0.260ns
  Clock Uncertainty:      0.035ns  ((TSJ^2 + TIJ^2)^1/2 + DJ) / 2 + PE
    Total System Jitter     (TSJ):    0.071ns
    Total Input Jitter      (TIJ):    0.000ns
    Discrete Jitter          (DJ):    0.000ns
    Phase Error              (PE):    0.000ns

    Location             Delay type                Incr(ns)  Path(ns)    Netlist Resource(s)
  -------------------------------------------------------------------    -------------------
                         (clock sys_clk_pin rise edge)
                                                      0.000     0.000 r  
    W5                                                0.000     0.000 r  clk (IN)
                         net (fo=0)                   0.000     0.000    clk
    W5                   IBUF (Prop_ibuf_I_O)         1.458     1.458 r  clk_IBUF_inst/O
                         net (fo=1, routed)           1.967     3.425    clk_IBUF
    BUFGCTRL_X0Y0        BUFG (Prop_bufg_I_O)         0.096     3.521 r  clk_IBUF_BUFG_inst/O
                         net (fo=4337, routed)        1.569     5.090    u_sha_top/core/hash_core/clk_IBUF_BUFG
    SLICE_X50Y40         FDCE                                         r  u_sha_top/core/hash_core/round_count_reg[1]/C
  -------------------------------------------------------------------    -------------------
    SLICE_X50Y40         FDCE (Prop_fdce_C_Q)         0.478     5.568 r  u_sha_top/core/hash_core/round_count_reg[1]/Q
                         net (fo=38, routed)          1.304     6.872    u_sha_top/core/hash_core/round[1]
    SLICE_X46Y39         LUT6 (Prop_lut6_I1_O)        0.295     7.167 r  u_sha_top/core/hash_core/g0_b0/O
                         net (fo=2, routed)           0.410     7.577    u_sha_top/core/hash_core/k_t[0]
    SLICE_X45Y38         LUT3 (Prop_lut3_I1_O)        0.124     7.701 r  u_sha_top/core/hash_core/a_reg[11]_i_31/O
                         net (fo=2, routed)           0.310     8.011    u_sha_top/core/hash_core/a_reg[11]_i_31_n_0
    SLICE_X47Y39         LUT4 (Prop_lut4_I3_O)        0.124     8.135 r  u_sha_top/core/hash_core/a_reg[11]_i_34/O
                         net (fo=1, routed)           0.000     8.135    u_sha_top/core/hash_core/a_reg[11]_i_34_n_0
    SLICE_X47Y39         CARRY4 (Prop_carry4_S[1]_CO[3])
                                                      0.550     8.685 r  u_sha_top/core/hash_core/a_reg_reg[11]_i_27/CO[3]
                         net (fo=1, routed)           0.000     8.685    u_sha_top/core/hash_core/a_reg_reg[11]_i_27_n_0
    SLICE_X47Y40         CARRY4 (Prop_carry4_CI_CO[3])
                                                      0.114     8.799 r  u_sha_top/core/hash_core/a_reg_reg[15]_i_27/CO[3]
                         net (fo=1, routed)           0.000     8.799    u_sha_top/core/hash_core/a_reg_reg[15]_i_27_n_0
    SLICE_X47Y41         CARRY4 (Prop_carry4_CI_CO[3])
                                                      0.114     8.913 r  u_sha_top/core/hash_core/a_reg_reg[19]_i_27/CO[3]
                         net (fo=1, routed)           0.000     8.913    u_sha_top/core/hash_core/a_reg_reg[19]_i_27_n_0
    SLICE_X47Y42         CARRY4 (Prop_carry4_CI_O[1])
                                                      0.334     9.247 r  u_sha_top/core/hash_core/a_reg_reg[23]_i_27/O[1]
                         net (fo=2, routed)           0.442     9.689    u_sha_top/core/hash_core/a_reg_reg[23]_i_27_n_6
    SLICE_X44Y41         LUT5 (Prop_lut5_I0_O)        0.303     9.992 r  u_sha_top/core/hash_core/a_reg[19]_i_17/O
                         net (fo=2, routed)           0.589    10.581    u_sha_top/core/hash_core/a_reg[19]_i_17_n_0
    SLICE_X43Y41         LUT6 (Prop_lut6_I0_O)        0.124    10.705 r  u_sha_top/core/hash_core/a_reg[19]_i_21/O
                         net (fo=1, routed)           0.000    10.705    u_sha_top/core/hash_core/a_reg[19]_i_21_n_0
    SLICE_X43Y41         CARRY4 (Prop_carry4_S[2]_CO[3])
                                                      0.398    11.103 r  u_sha_top/core/hash_core/a_reg_reg[19]_i_15/CO[3]
                         net (fo=1, routed)           0.000    11.103    u_sha_top/core/hash_core/a_reg_reg[19]_i_15_n_0
    SLICE_X43Y42         CARRY4 (Prop_carry4_CI_CO[3])
                                                      0.114    11.217 r  u_sha_top/core/hash_core/a_reg_reg[23]_i_15/CO[3]
                         net (fo=1, routed)           0.000    11.217    u_sha_top/core/hash_core/a_reg_reg[23]_i_15_n_0
    SLICE_X43Y43         CARRY4 (Prop_carry4_CI_O[0])
                                                      0.222    11.439 r  u_sha_top/core/hash_core/a_reg_reg[27]_i_15/O[0]
                         net (fo=3, routed)           0.503    11.941    u_sha_top/core/hash_core/p_1_in[20]
    SLICE_X41Y43         LUT5 (Prop_lut5_I4_O)        0.299    12.240 r  u_sha_top/core/hash_core/a_reg[23]_i_5/O
                         net (fo=2, routed)           0.453    12.694    u_sha_top/core/hash_core/a_reg[23]_i_5_n_0
    SLICE_X39Y44         LUT6 (Prop_lut6_I0_O)        0.124    12.818 r  u_sha_top/core/hash_core/a_reg[23]_i_9/O
                         net (fo=1, routed)           0.000    12.818    u_sha_top/core/hash_core/a_reg[23]_i_9_n_0
    SLICE_X39Y44         CARRY4 (Prop_carry4_S[1]_CO[3])
                                                      0.550    13.368 r  u_sha_top/core/hash_core/a_reg_reg[23]_i_2/CO[3]
                         net (fo=1, routed)           0.000    13.368    u_sha_top/core/hash_core/a_reg_reg[23]_i_2_n_0
    SLICE_X39Y45         CARRY4 (Prop_carry4_CI_O[3])
                                                      0.313    13.681 r  u_sha_top/core/hash_core/a_reg_reg[27]_i_2/O[3]
                         net (fo=1, routed)           0.440    14.120    u_sha_top/core/hash_core/in7[27]
    SLICE_X37Y45         LUT5 (Prop_lut5_I3_O)        0.306    14.426 r  u_sha_top/core/hash_core/a_reg[27]_i_1/O
                         net (fo=1, routed)           0.000    14.426    u_sha_top/core/hash_core/a_reg[27]_i_1_n_0
    SLICE_X37Y45         FDCE                                         r  u_sha_top/core/hash_core/a_reg_reg[27]/D
  -------------------------------------------------------------------    -------------------

                         (clock sys_clk_pin rise edge)
                                                     10.000    10.000 r  
    W5                                                0.000    10.000 r  clk (IN)
                         net (fo=0)                   0.000    10.000    clk
    W5                   IBUF (Prop_ibuf_I_O)         1.388    11.388 r  clk_IBUF_inst/O
                         net (fo=1, routed)           1.862    13.250    clk_IBUF
    BUFGCTRL_X0Y0        BUFG (Prop_bufg_I_O)         0.091    13.341 r  clk_IBUF_BUFG_inst/O
                         net (fo=4337, routed)        1.445    14.786    u_sha_top/core/hash_core/clk_IBUF_BUFG
    SLICE_X37Y45         FDCE                                         r  u_sha_top/core/hash_core/a_reg_reg[27]/C
                         clock pessimism              0.260    15.046    
                         clock uncertainty           -0.035    15.011    
    SLICE_X37Y45         FDCE (Setup_fdce_C_D)        0.032    15.043    u_sha_top/core/hash_core/a_reg_reg[27]
  -------------------------------------------------------------------
                         required time                         15.043    
                         arrival time                         -14.426    
  -------------------------------------------------------------------
                         slack                                  0.617    

Slack (MET) :             0.624ns  (required time - arrival time)
  Source:                 u_uart_rx/data_reg_reg[5]/C
                            (rising edge-triggered cell FDCE clocked by sys_clk_pin  {rise@0.000ns fall@5.000ns period=10.000ns})
  Destination:            msg_mem_reg[59][5]/D
                            (rising edge-triggered cell FDCE clocked by sys_clk_pin  {rise@0.000ns fall@5.000ns period=10.000ns})
  Path Group:             sys_clk_pin
  Path Type:              Setup (Max at Slow Process Corner)
  Requirement:            10.000ns  (sys_clk_pin rise@10.000ns - sys_clk_pin rise@0.000ns)
  Data Path Delay:        9.158ns  (logic 0.456ns (4.979%)  route 8.702ns (95.021%))
  Logic Levels:           0  
  Clock Path Skew:        -0.102ns (DCD - SCD + CPR)
    Destination Clock Delay (DCD):    4.795ns = ( 14.795 - 10.000 ) 
    Source Clock Delay      (SCD):    5.085ns
    Clock Pessimism Removal (CPR):    0.188ns
  Clock Uncertainty:      0.035ns  ((TSJ^2 + TIJ^2)^1/2 + DJ) / 2 + PE
    Total System Jitter     (TSJ):    0.071ns
    Total Input Jitter      (TIJ):    0.000ns
    Discrete Jitter          (DJ):    0.000ns
    Phase Error              (PE):    0.000ns

    Location             Delay type                Incr(ns)  Path(ns)    Netlist Resource(s)
  -------------------------------------------------------------------    -------------------
                         (clock sys_clk_pin rise edge)
                                                      0.000     0.000 r  
    W5                                                0.000     0.000 r  clk (IN)
                         net (fo=0)                   0.000     0.000    clk
    W5                   IBUF (Prop_ibuf_I_O)         1.458     1.458 r  clk_IBUF_inst/O
                         net (fo=1, routed)           1.967     3.425    clk_IBUF
    BUFGCTRL_X0Y0        BUFG (Prop_bufg_I_O)         0.096     3.521 r  clk_IBUF_BUFG_inst/O
                         net (fo=4337, routed)        1.564     5.085    u_uart_rx/clk_IBUF_BUFG
    SLICE_X33Y7          FDCE                                         r  u_uart_rx/data_reg_reg[5]/C
  -------------------------------------------------------------------    -------------------
    SLICE_X33Y7          FDCE (Prop_fdce_C_Q)         0.456     5.541 r  u_uart_rx/data_reg_reg[5]/Q
                         net (fo=260, routed)         8.702    14.243    rx_data[5]
    SLICE_X57Y1          FDCE                                         r  msg_mem_reg[59][5]/D
  -------------------------------------------------------------------    -------------------

                         (clock sys_clk_pin rise edge)
                                                     10.000    10.000 r  
    W5                                                0.000    10.000 r  clk (IN)
                         net (fo=0)                   0.000    10.000    clk
    W5                   IBUF (Prop_ibuf_I_O)         1.388    11.388 r  clk_IBUF_inst/O
                         net (fo=1, routed)           1.862    13.250    clk_IBUF
    BUFGCTRL_X0Y0        BUFG (Prop_bufg_I_O)         0.091    13.341 r  clk_IBUF_BUFG_inst/O
                         net (fo=4337, routed)        1.454    14.795    clk_IBUF_BUFG
    SLICE_X57Y1          FDCE                                         r  msg_mem_reg[59][5]/C
                         clock pessimism              0.188    14.983    
                         clock uncertainty           -0.035    14.948    
    SLICE_X57Y1          FDCE (Setup_fdce_C_D)       -0.081    14.867    msg_mem_reg[59][5]
  -------------------------------------------------------------------
                         required time                         14.867    
                         arrival time                         -14.243    
  -------------------------------------------------------------------
                         slack                                  0.624    

Slack (MET) :             0.649ns  (required time - arrival time)
  Source:                 u_sha_top/core/hash_core/round_count_reg[1]/C
                            (rising edge-triggered cell FDCE clocked by sys_clk_pin  {rise@0.000ns fall@5.000ns period=10.000ns})
  Destination:            u_sha_top/core/hash_core/a_reg_reg[31]/D
                            (rising edge-triggered cell FDCE clocked by sys_clk_pin  {rise@0.000ns fall@5.000ns period=10.000ns})
  Path Group:             sys_clk_pin
  Path Type:              Setup (Max at Slow Process Corner)
  Requirement:            10.000ns  (sys_clk_pin rise@10.000ns - sys_clk_pin rise@0.000ns)
  Data Path Delay:        9.301ns  (logic 5.000ns (53.758%)  route 4.301ns (46.242%))
  Logic Levels:           18  (CARRY4=10 LUT3=1 LUT4=1 LUT5=3 LUT6=3)
  Clock Path Skew:        -0.044ns (DCD - SCD + CPR)
    Destination Clock Delay (DCD):    4.786ns = ( 14.786 - 10.000 ) 
    Source Clock Delay      (SCD):    5.090ns
    Clock Pessimism Removal (CPR):    0.260ns
  Clock Uncertainty:      0.035ns  ((TSJ^2 + TIJ^2)^1/2 + DJ) / 2 + PE
    Total System Jitter     (TSJ):    0.071ns
    Total Input Jitter      (TIJ):    0.000ns
    Discrete Jitter          (DJ):    0.000ns
    Phase Error              (PE):    0.000ns

    Location             Delay type                Incr(ns)  Path(ns)    Netlist Resource(s)
  -------------------------------------------------------------------    -------------------
                         (clock sys_clk_pin rise edge)
                                                      0.000     0.000 r  
    W5                                                0.000     0.000 r  clk (IN)
                         net (fo=0)                   0.000     0.000    clk
    W5                   IBUF (Prop_ibuf_I_O)         1.458     1.458 r  clk_IBUF_inst/O
                         net (fo=1, routed)           1.967     3.425    clk_IBUF
    BUFGCTRL_X0Y0        BUFG (Prop_bufg_I_O)         0.096     3.521 r  clk_IBUF_BUFG_inst/O
                         net (fo=4337, routed)        1.569     5.090    u_sha_top/core/hash_core/clk_IBUF_BUFG
    SLICE_X50Y40         FDCE                                         r  u_sha_top/core/hash_core/round_count_reg[1]/C
  -------------------------------------------------------------------    -------------------
    SLICE_X50Y40         FDCE (Prop_fdce_C_Q)         0.478     5.568 r  u_sha_top/core/hash_core/round_count_reg[1]/Q
                         net (fo=38, routed)          1.304     6.872    u_sha_top/core/hash_core/round[1]
    SLICE_X46Y39         LUT6 (Prop_lut6_I1_O)        0.295     7.167 r  u_sha_top/core/hash_core/g0_b0/O
                         net (fo=2, routed)           0.410     7.577    u_sha_top/core/hash_core/k_t[0]
    SLICE_X45Y38         LUT3 (Prop_lut3_I1_O)        0.124     7.701 r  u_sha_top/core/hash_core/a_reg[11]_i_31/O
                         net (fo=2, routed)           0.310     8.011    u_sha_top/core/hash_core/a_reg[11]_i_31_n_0
    SLICE_X47Y39         LUT4 (Prop_lut4_I3_O)        0.124     8.135 r  u_sha_top/core/hash_core/a_reg[11]_i_34/O
                         net (fo=1, routed)           0.000     8.135    u_sha_top/core/hash_core/a_reg[11]_i_34_n_0
    SLICE_X47Y39         CARRY4 (Prop_carry4_S[1]_CO[3])
                                                      0.550     8.685 r  u_sha_top/core/hash_core/a_reg_reg[11]_i_27/CO[3]
                         net (fo=1, routed)           0.000     8.685    u_sha_top/core/hash_core/a_reg_reg[11]_i_27_n_0
    SLICE_X47Y40         CARRY4 (Prop_carry4_CI_CO[3])
                                                      0.114     8.799 r  u_sha_top/core/hash_core/a_reg_reg[15]_i_27/CO[3]
                         net (fo=1, routed)           0.000     8.799    u_sha_top/core/hash_core/a_reg_reg[15]_i_27_n_0
    SLICE_X47Y41         CARRY4 (Prop_carry4_CI_CO[3])
                                                      0.114     8.913 r  u_sha_top/core/hash_core/a_reg_reg[19]_i_27/CO[3]
                         net (fo=1, routed)           0.000     8.913    u_sha_top/core/hash_core/a_reg_reg[19]_i_27_n_0
    SLICE_X47Y42         CARRY4 (Prop_carry4_CI_O[1])
                                                      0.334     9.247 r  u_sha_top/core/hash_core/a_reg_reg[23]_i_27/O[1]
                         net (fo=2, routed)           0.442     9.689    u_sha_top/core/hash_core/a_reg_reg[23]_i_27_n_6
    SLICE_X44Y41         LUT5 (Prop_lut5_I0_O)        0.303     9.992 r  u_sha_top/core/hash_core/a_reg[19]_i_17/O
                         net (fo=2, routed)           0.589    10.581    u_sha_top/core/hash_core/a_reg[19]_i_17_n_0
    SLICE_X43Y41         LUT6 (Prop_lut6_I0_O)        0.124    10.705 r  u_sha_top/core/hash_core/a_reg[19]_i_21/O
                         net (fo=1, routed)           0.000    10.705    u_sha_top/core/hash_core/a_reg[19]_i_21_n_0
    SLICE_X43Y41         CARRY4 (Prop_carry4_S[2]_CO[3])
                                                      0.398    11.103 r  u_sha_top/core/hash_core/a_reg_reg[19]_i_15/CO[3]
                         net (fo=1, routed)           0.000    11.103    u_sha_top/core/hash_core/a_reg_reg[19]_i_15_n_0
    SLICE_X43Y42         CARRY4 (Prop_carry4_CI_CO[3])
                                                      0.114    11.217 r  u_sha_top/core/hash_core/a_reg_reg[23]_i_15/CO[3]
                         net (fo=1, routed)           0.000    11.217    u_sha_top/core/hash_core/a_reg_reg[23]_i_15_n_0
    SLICE_X43Y43         CARRY4 (Prop_carry4_CI_O[0])
                                                      0.222    11.439 r  u_sha_top/core/hash_core/a_reg_reg[27]_i_15/O[0]
                         net (fo=3, routed)           0.503    11.941    u_sha_top/core/hash_core/p_1_in[20]
    SLICE_X41Y43         LUT5 (Prop_lut5_I4_O)        0.299    12.240 r  u_sha_top/core/hash_core/a_reg[23]_i_5/O
                         net (fo=2, routed)           0.453    12.694    u_sha_top/core/hash_core/a_reg[23]_i_5_n_0
    SLICE_X39Y44         LUT6 (Prop_lut6_I0_O)        0.124    12.818 r  u_sha_top/core/hash_core/a_reg[23]_i_9/O
                         net (fo=1, routed)           0.000    12.818    u_sha_top/core/hash_core/a_reg[23]_i_9_n_0
    SLICE_X39Y44         CARRY4 (Prop_carry4_S[1]_CO[3])
                                                      0.550    13.368 r  u_sha_top/core/hash_core/a_reg_reg[23]_i_2/CO[3]
                         net (fo=1, routed)           0.000    13.368    u_sha_top/core/hash_core/a_reg_reg[23]_i_2_n_0
    SLICE_X39Y45         CARRY4 (Prop_carry4_CI_CO[3])
                                                      0.114    13.482 r  u_sha_top/core/hash_core/a_reg_reg[27]_i_2/CO[3]
                         net (fo=1, routed)           0.000    13.482    u_sha_top/core/hash_core/a_reg_reg[27]_i_2_n_0
    SLICE_X39Y46         CARRY4 (Prop_carry4_CI_O[3])
                                                      0.313    13.795 r  u_sha_top/core/hash_core/a_reg_reg[31]_i_3/O[3]
                         net (fo=1, routed)           0.291    14.085    u_sha_top/core/hash_core/in7[31]
    SLICE_X37Y46         LUT5 (Prop_lut5_I3_O)        0.306    14.391 r  u_sha_top/core/hash_core/a_reg[31]_i_2/O
                         net (fo=1, routed)           0.000    14.391    u_sha_top/core/hash_core/a_reg[31]_i_2_n_0
    SLICE_X37Y46         FDCE                                         r  u_sha_top/core/hash_core/a_reg_reg[31]/D
  -------------------------------------------------------------------    -------------------

                         (clock sys_clk_pin rise edge)
                                                     10.000    10.000 r  
    W5                                                0.000    10.000 r  clk (IN)
                         net (fo=0)                   0.000    10.000    clk
    W5                   IBUF (Prop_ibuf_I_O)         1.388    11.388 r  clk_IBUF_inst/O
                         net (fo=1, routed)           1.862    13.250    clk_IBUF
    BUFGCTRL_X0Y0        BUFG (Prop_bufg_I_O)         0.091    13.341 r  clk_IBUF_BUFG_inst/O
                         net (fo=4337, routed)        1.445    14.786    u_sha_top/core/hash_core/clk_IBUF_BUFG
    SLICE_X37Y46         FDCE                                         r  u_sha_top/core/hash_core/a_reg_reg[31]/C
                         clock pessimism              0.260    15.046    
                         clock uncertainty           -0.035    15.011    
    SLICE_X37Y46         FDCE (Setup_fdce_C_D)        0.029    15.040    u_sha_top/core/hash_core/a_reg_reg[31]
  -------------------------------------------------------------------
                         required time                         15.040    
                         arrival time                         -14.391    
  -------------------------------------------------------------------
                         slack                                  0.649    

Slack (MET) :             0.649ns  (required time - arrival time)
  Source:                 u_sha_top/core/hash_core/round_count_reg[1]/C
                            (rising edge-triggered cell FDCE clocked by sys_clk_pin  {rise@0.000ns fall@5.000ns period=10.000ns})
  Destination:            u_sha_top/core/hash_core/a_reg_reg[28]/D
                            (rising edge-triggered cell FDCE clocked by sys_clk_pin  {rise@0.000ns fall@5.000ns period=10.000ns})
  Path Group:             sys_clk_pin
  Path Type:              Setup (Max at Slow Process Corner)
  Requirement:            10.000ns  (sys_clk_pin rise@10.000ns - sys_clk_pin rise@0.000ns)
  Data Path Delay:        9.352ns  (logic 4.902ns (52.416%)  route 4.450ns (47.584%))
  Logic Levels:           18  (CARRY4=10 LUT3=1 LUT4=1 LUT5=3 LUT6=3)
  Clock Path Skew:        -0.044ns (DCD - SCD + CPR)
    Destination Clock Delay (DCD):    4.786ns = ( 14.786 - 10.000 ) 
    Source Clock Delay      (SCD):    5.090ns
    Clock Pessimism Removal (CPR):    0.260ns
  Clock Uncertainty:      0.035ns  ((TSJ^2 + TIJ^2)^1/2 + DJ) / 2 + PE
    Total System Jitter     (TSJ):    0.071ns
    Total Input Jitter      (TIJ):    0.000ns
    Discrete Jitter          (DJ):    0.000ns
    Phase Error              (PE):    0.000ns

    Location             Delay type                Incr(ns)  Path(ns)    Netlist Resource(s)
  -------------------------------------------------------------------    -------------------
                         (clock sys_clk_pin rise edge)
                                                      0.000     0.000 r  
    W5                                                0.000     0.000 r  clk (IN)
                         net (fo=0)                   0.000     0.000    clk
    W5                   IBUF (Prop_ibuf_I_O)         1.458     1.458 r  clk_IBUF_inst/O
                         net (fo=1, routed)           1.967     3.425    clk_IBUF
    BUFGCTRL_X0Y0        BUFG (Prop_bufg_I_O)         0.096     3.521 r  clk_IBUF_BUFG_inst/O
                         net (fo=4337, routed)        1.569     5.090    u_sha_top/core/hash_core/clk_IBUF_BUFG
    SLICE_X50Y40         FDCE                                         r  u_sha_top/core/hash_core/round_count_reg[1]/C
  -------------------------------------------------------------------    -------------------
    SLICE_X50Y40         FDCE (Prop_fdce_C_Q)         0.478     5.568 r  u_sha_top/core/hash_core/round_count_reg[1]/Q
                         net (fo=38, routed)          1.304     6.872    u_sha_top/core/hash_core/round[1]
    SLICE_X46Y39         LUT6 (Prop_lut6_I1_O)        0.295     7.167 r  u_sha_top/core/hash_core/g0_b0/O
                         net (fo=2, routed)           0.410     7.577    u_sha_top/core/hash_core/k_t[0]
    SLICE_X45Y38         LUT3 (Prop_lut3_I1_O)        0.124     7.701 r  u_sha_top/core/hash_core/a_reg[11]_i_31/O
                         net (fo=2, routed)           0.310     8.011    u_sha_top/core/hash_core/a_reg[11]_i_31_n_0
    SLICE_X47Y39         LUT4 (Prop_lut4_I3_O)        0.124     8.135 r  u_sha_top/core/hash_core/a_reg[11]_i_34/O
                         net (fo=1, routed)           0.000     8.135    u_sha_top/core/hash_core/a_reg[11]_i_34_n_0
    SLICE_X47Y39         CARRY4 (Prop_carry4_S[1]_CO[3])
                                                      0.550     8.685 r  u_sha_top/core/hash_core/a_reg_reg[11]_i_27/CO[3]
                         net (fo=1, routed)           0.000     8.685    u_sha_top/core/hash_core/a_reg_reg[11]_i_27_n_0
    SLICE_X47Y40         CARRY4 (Prop_carry4_CI_CO[3])
                                                      0.114     8.799 r  u_sha_top/core/hash_core/a_reg_reg[15]_i_27/CO[3]
                         net (fo=1, routed)           0.000     8.799    u_sha_top/core/hash_core/a_reg_reg[15]_i_27_n_0
    SLICE_X47Y41         CARRY4 (Prop_carry4_CI_CO[3])
                                                      0.114     8.913 r  u_sha_top/core/hash_core/a_reg_reg[19]_i_27/CO[3]
                         net (fo=1, routed)           0.000     8.913    u_sha_top/core/hash_core/a_reg_reg[19]_i_27_n_0
    SLICE_X47Y42         CARRY4 (Prop_carry4_CI_O[1])
                                                      0.334     9.247 r  u_sha_top/core/hash_core/a_reg_reg[23]_i_27/O[1]
                         net (fo=2, routed)           0.442     9.689    u_sha_top/core/hash_core/a_reg_reg[23]_i_27_n_6
    SLICE_X44Y41         LUT5 (Prop_lut5_I0_O)        0.303     9.992 r  u_sha_top/core/hash_core/a_reg[19]_i_17/O
                         net (fo=2, routed)           0.589    10.581    u_sha_top/core/hash_core/a_reg[19]_i_17_n_0
    SLICE_X43Y41         LUT6 (Prop_lut6_I0_O)        0.124    10.705 r  u_sha_top/core/hash_core/a_reg[19]_i_21/O
                         net (fo=1, routed)           0.000    10.705    u_sha_top/core/hash_core/a_reg[19]_i_21_n_0
    SLICE_X43Y41         CARRY4 (Prop_carry4_S[2]_CO[3])
                                                      0.398    11.103 r  u_sha_top/core/hash_core/a_reg_reg[19]_i_15/CO[3]
                         net (fo=1, routed)           0.000    11.103    u_sha_top/core/hash_core/a_reg_reg[19]_i_15_n_0
    SLICE_X43Y42         CARRY4 (Prop_carry4_CI_CO[3])
                                                      0.114    11.217 r  u_sha_top/core/hash_core/a_reg_reg[23]_i_15/CO[3]
                         net (fo=1, routed)           0.000    11.217    u_sha_top/core/hash_core/a_reg_reg[23]_i_15_n_0
    SLICE_X43Y43         CARRY4 (Prop_carry4_CI_O[0])
                                                      0.222    11.439 r  u_sha_top/core/hash_core/a_reg_reg[27]_i_15/O[0]
                         net (fo=3, routed)           0.503    11.941    u_sha_top/core/hash_core/p_1_in[20]
    SLICE_X41Y43         LUT5 (Prop_lut5_I4_O)        0.299    12.240 r  u_sha_top/core/hash_core/a_reg[23]_i_5/O
                         net (fo=2, routed)           0.453    12.694    u_sha_top/core/hash_core/a_reg[23]_i_5_n_0
    SLICE_X39Y44         LUT6 (Prop_lut6_I0_O)        0.124    12.818 r  u_sha_top/core/hash_core/a_reg[23]_i_9/O
                         net (fo=1, routed)           0.000    12.818    u_sha_top/core/hash_core/a_reg[23]_i_9_n_0
    SLICE_X39Y44         CARRY4 (Prop_carry4_S[1]_CO[3])
                                                      0.550    13.368 r  u_sha_top/core/hash_core/a_reg_reg[23]_i_2/CO[3]
                         net (fo=1, routed)           0.000    13.368    u_sha_top/core/hash_core/a_reg_reg[23]_i_2_n_0
    SLICE_X39Y45         CARRY4 (Prop_carry4_CI_CO[3])
                                                      0.114    13.482 r  u_sha_top/core/hash_core/a_reg_reg[27]_i_2/CO[3]
                         net (fo=1, routed)           0.000    13.482    u_sha_top/core/hash_core/a_reg_reg[27]_i_2_n_0
    SLICE_X39Y46         CARRY4 (Prop_carry4_CI_O[0])
                                                      0.222    13.704 r  u_sha_top/core/hash_core/a_reg_reg[31]_i_3/O[0]
                         net (fo=1, routed)           0.440    14.143    u_sha_top/core/hash_core/in7[28]
    SLICE_X38Y46         LUT5 (Prop_lut5_I3_O)        0.299    14.442 r  u_sha_top/core/hash_core/a_reg[28]_i_1/O
                         net (fo=1, routed)           0.000    14.442    u_sha_top/core/hash_core/a_reg[28]_i_1_n_0
    SLICE_X38Y46         FDCE                                         r  u_sha_top/core/hash_core/a_reg_reg[28]/D
  -------------------------------------------------------------------    -------------------

                         (clock sys_clk_pin rise edge)
                                                     10.000    10.000 r  
    W5                                                0.000    10.000 r  clk (IN)
                         net (fo=0)                   0.000    10.000    clk
    W5                   IBUF (Prop_ibuf_I_O)         1.388    11.388 r  clk_IBUF_inst/O
                         net (fo=1, routed)           1.862    13.250    clk_IBUF
    BUFGCTRL_X0Y0        BUFG (Prop_bufg_I_O)         0.091    13.341 r  clk_IBUF_BUFG_inst/O
                         net (fo=4337, routed)        1.445    14.786    u_sha_top/core/hash_core/clk_IBUF_BUFG
    SLICE_X38Y46         FDCE                                         r  u_sha_top/core/hash_core/a_reg_reg[28]/C
                         clock pessimism              0.260    15.046    
                         clock uncertainty           -0.035    15.011    
    SLICE_X38Y46         FDCE (Setup_fdce_C_D)        0.081    15.092    u_sha_top/core/hash_core/a_reg_reg[28]
  -------------------------------------------------------------------
                         required time                         15.092    
                         arrival time                         -14.442    
  -------------------------------------------------------------------
                         slack                                  0.649    

Slack (MET) :             0.689ns  (required time - arrival time)
  Source:                 u_uart_rx/data_reg_reg[5]/C
                            (rising edge-triggered cell FDCE clocked by sys_clk_pin  {rise@0.000ns fall@5.000ns period=10.000ns})
  Destination:            msg_mem_reg[47][5]/D
                            (rising edge-triggered cell FDCE clocked by sys_clk_pin  {rise@0.000ns fall@5.000ns period=10.000ns})
  Path Group:             sys_clk_pin
  Path Type:              Setup (Max at Slow Process Corner)
  Requirement:            10.000ns  (sys_clk_pin rise@10.000ns - sys_clk_pin rise@0.000ns)
  Data Path Delay:        9.125ns  (logic 0.456ns (4.997%)  route 8.669ns (95.003%))
  Logic Levels:           0  
  Clock Path Skew:        -0.103ns (DCD - SCD + CPR)
    Destination Clock Delay (DCD):    4.794ns = ( 14.794 - 10.000 ) 
    Source Clock Delay      (SCD):    5.085ns
    Clock Pessimism Removal (CPR):    0.188ns
  Clock Uncertainty:      0.035ns  ((TSJ^2 + TIJ^2)^1/2 + DJ) / 2 + PE
    Total System Jitter     (TSJ):    0.071ns
    Total Input Jitter      (TIJ):    0.000ns
    Discrete Jitter          (DJ):    0.000ns
    Phase Error              (PE):    0.000ns

    Location             Delay type                Incr(ns)  Path(ns)    Netlist Resource(s)
  -------------------------------------------------------------------    -------------------
                         (clock sys_clk_pin rise edge)
                                                      0.000     0.000 r  
    W5                                                0.000     0.000 r  clk (IN)
                         net (fo=0)                   0.000     0.000    clk
    W5                   IBUF (Prop_ibuf_I_O)         1.458     1.458 r  clk_IBUF_inst/O
                         net (fo=1, routed)           1.967     3.425    clk_IBUF
    BUFGCTRL_X0Y0        BUFG (Prop_bufg_I_O)         0.096     3.521 r  clk_IBUF_BUFG_inst/O
                         net (fo=4337, routed)        1.564     5.085    u_uart_rx/clk_IBUF_BUFG
    SLICE_X33Y7          FDCE                                         r  u_uart_rx/data_reg_reg[5]/C
  -------------------------------------------------------------------    -------------------
    SLICE_X33Y7          FDCE (Prop_fdce_C_Q)         0.456     5.541 r  u_uart_rx/data_reg_reg[5]/Q
                         net (fo=260, routed)         8.669    14.211    rx_data[5]
    SLICE_X57Y3          FDCE                                         r  msg_mem_reg[47][5]/D
  -------------------------------------------------------------------    -------------------

                         (clock sys_clk_pin rise edge)
                                                     10.000    10.000 r  
    W5                                                0.000    10.000 r  clk (IN)
                         net (fo=0)                   0.000    10.000    clk
    W5                   IBUF (Prop_ibuf_I_O)         1.388    11.388 r  clk_IBUF_inst/O
                         net (fo=1, routed)           1.862    13.250    clk_IBUF
    BUFGCTRL_X0Y0        BUFG (Prop_bufg_I_O)         0.091    13.341 r  clk_IBUF_BUFG_inst/O
                         net (fo=4337, routed)        1.453    14.794    clk_IBUF_BUFG
    SLICE_X57Y3          FDCE                                         r  msg_mem_reg[47][5]/C
                         clock pessimism              0.188    14.982    
                         clock uncertainty           -0.035    14.947    
    SLICE_X57Y3          FDCE (Setup_fdce_C_D)       -0.047    14.900    msg_mem_reg[47][5]
  -------------------------------------------------------------------
                         required time                         14.900    
                         arrival time                         -14.211    
  -------------------------------------------------------------------
                         slack                                  0.689    

Slack (MET) :             0.693ns  (required time - arrival time)
  Source:                 u_sha_top/core/hash_core/round_count_reg[1]/C
                            (rising edge-triggered cell FDCE clocked by sys_clk_pin  {rise@0.000ns fall@5.000ns period=10.000ns})
  Destination:            u_sha_top/core/hash_core/a_reg_reg[24]/D
                            (rising edge-triggered cell FDCE clocked by sys_clk_pin  {rise@0.000ns fall@5.000ns period=10.000ns})
  Path Group:             sys_clk_pin
  Path Type:              Setup (Max at Slow Process Corner)
  Requirement:            10.000ns  (sys_clk_pin rise@10.000ns - sys_clk_pin rise@0.000ns)
  Data Path Delay:        9.256ns  (logic 4.788ns (51.727%)  route 4.468ns (48.273%))
  Logic Levels:           17  (CARRY4=9 LUT3=1 LUT4=1 LUT5=3 LUT6=3)
  Clock Path Skew:        -0.044ns (DCD - SCD + CPR)
    Destination Clock Delay (DCD):    4.786ns = ( 14.786 - 10.000 ) 
    Source Clock Delay      (SCD):    5.090ns
    Clock Pessimism Removal (CPR):    0.260ns
  Clock Uncertainty:      0.035ns  ((TSJ^2 + TIJ^2)^1/2 + DJ) / 2 + PE
    Total System Jitter     (TSJ):    0.071ns
    Total Input Jitter      (TIJ):    0.000ns
    Discrete Jitter          (DJ):    0.000ns
    Phase Error              (PE):    0.000ns

    Location             Delay type                Incr(ns)  Path(ns)    Netlist Resource(s)
  -------------------------------------------------------------------    -------------------
                         (clock sys_clk_pin rise edge)
                                                      0.000     0.000 r  
    W5                                                0.000     0.000 r  clk (IN)
                         net (fo=0)                   0.000     0.000    clk
    W5                   IBUF (Prop_ibuf_I_O)         1.458     1.458 r  clk_IBUF_inst/O
                         net (fo=1, routed)           1.967     3.425    clk_IBUF
    BUFGCTRL_X0Y0        BUFG (Prop_bufg_I_O)         0.096     3.521 r  clk_IBUF_BUFG_inst/O
                         net (fo=4337, routed)        1.569     5.090    u_sha_top/core/hash_core/clk_IBUF_BUFG
    SLICE_X50Y40         FDCE                                         r  u_sha_top/core/hash_core/round_count_reg[1]/C
  -------------------------------------------------------------------    -------------------
    SLICE_X50Y40         FDCE (Prop_fdce_C_Q)         0.478     5.568 r  u_sha_top/core/hash_core/round_count_reg[1]/Q
                         net (fo=38, routed)          1.304     6.872    u_sha_top/core/hash_core/round[1]
    SLICE_X46Y39         LUT6 (Prop_lut6_I1_O)        0.295     7.167 r  u_sha_top/core/hash_core/g0_b0/O
                         net (fo=2, routed)           0.410     7.577    u_sha_top/core/hash_core/k_t[0]
    SLICE_X45Y38         LUT3 (Prop_lut3_I1_O)        0.124     7.701 r  u_sha_top/core/hash_core/a_reg[11]_i_31/O
                         net (fo=2, routed)           0.310     8.011    u_sha_top/core/hash_core/a_reg[11]_i_31_n_0
    SLICE_X47Y39         LUT4 (Prop_lut4_I3_O)        0.124     8.135 r  u_sha_top/core/hash_core/a_reg[11]_i_34/O
                         net (fo=1, routed)           0.000     8.135    u_sha_top/core/hash_core/a_reg[11]_i_34_n_0
    SLICE_X47Y39         CARRY4 (Prop_carry4_S[1]_CO[3])
                                                      0.550     8.685 r  u_sha_top/core/hash_core/a_reg_reg[11]_i_27/CO[3]
                         net (fo=1, routed)           0.000     8.685    u_sha_top/core/hash_core/a_reg_reg[11]_i_27_n_0
    SLICE_X47Y40         CARRY4 (Prop_carry4_CI_CO[3])
                                                      0.114     8.799 r  u_sha_top/core/hash_core/a_reg_reg[15]_i_27/CO[3]
                         net (fo=1, routed)           0.000     8.799    u_sha_top/core/hash_core/a_reg_reg[15]_i_27_n_0
    SLICE_X47Y41         CARRY4 (Prop_carry4_CI_CO[3])
                                                      0.114     8.913 r  u_sha_top/core/hash_core/a_reg_reg[19]_i_27/CO[3]
                         net (fo=1, routed)           0.000     8.913    u_sha_top/core/hash_core/a_reg_reg[19]_i_27_n_0
    SLICE_X47Y42         CARRY4 (Prop_carry4_CI_O[1])
                                                      0.334     9.247 r  u_sha_top/core/hash_core/a_reg_reg[23]_i_27/O[1]
                         net (fo=2, routed)           0.442     9.689    u_sha_top/core/hash_core/a_reg_reg[23]_i_27_n_6
    SLICE_X44Y41         LUT5 (Prop_lut5_I0_O)        0.303     9.992 r  u_sha_top/core/hash_core/a_reg[19]_i_17/O
                         net (fo=2, routed)           0.589    10.581    u_sha_top/core/hash_core/a_reg[19]_i_17_n_0
    SLICE_X43Y41         LUT6 (Prop_lut6_I0_O)        0.124    10.705 r  u_sha_top/core/hash_core/a_reg[19]_i_21/O
                         net (fo=1, routed)           0.000    10.705    u_sha_top/core/hash_core/a_reg[19]_i_21_n_0
    SLICE_X43Y41         CARRY4 (Prop_carry4_S[2]_CO[3])
                                                      0.398    11.103 r  u_sha_top/core/hash_core/a_reg_reg[19]_i_15/CO[3]
                         net (fo=1, routed)           0.000    11.103    u_sha_top/core/hash_core/a_reg_reg[19]_i_15_n_0
    SLICE_X43Y42         CARRY4 (Prop_carry4_CI_CO[3])
                                                      0.114    11.217 r  u_sha_top/core/hash_core/a_reg_reg[23]_i_15/CO[3]
                         net (fo=1, routed)           0.000    11.217    u_sha_top/core/hash_core/a_reg_reg[23]_i_15_n_0
    SLICE_X43Y43         CARRY4 (Prop_carry4_CI_O[0])
                                                      0.222    11.439 r  u_sha_top/core/hash_core/a_reg_reg[27]_i_15/O[0]
                         net (fo=3, routed)           0.503    11.941    u_sha_top/core/hash_core/p_1_in[20]
    SLICE_X41Y43         LUT5 (Prop_lut5_I4_O)        0.299    12.240 r  u_sha_top/core/hash_core/a_reg[23]_i_5/O
                         net (fo=2, routed)           0.453    12.694    u_sha_top/core/hash_core/a_reg[23]_i_5_n_0
    SLICE_X39Y44         LUT6 (Prop_lut6_I0_O)        0.124    12.818 r  u_sha_top/core/hash_core/a_reg[23]_i_9/O
                         net (fo=1, routed)           0.000    12.818    u_sha_top/core/hash_core/a_reg[23]_i_9_n_0
    SLICE_X39Y44         CARRY4 (Prop_carry4_S[1]_CO[3])
                                                      0.550    13.368 r  u_sha_top/core/hash_core/a_reg_reg[23]_i_2/CO[3]
                         net (fo=1, routed)           0.000    13.368    u_sha_top/core/hash_core/a_reg_reg[23]_i_2_n_0
    SLICE_X39Y45         CARRY4 (Prop_carry4_CI_O[0])
                                                      0.222    13.590 r  u_sha_top/core/hash_core/a_reg_reg[27]_i_2/O[0]
                         net (fo=1, routed)           0.458    14.048    u_sha_top/core/hash_core/in7[24]
    SLICE_X37Y45         LUT5 (Prop_lut5_I3_O)        0.299    14.347 r  u_sha_top/core/hash_core/a_reg[24]_i_1/O
                         net (fo=1, routed)           0.000    14.347    u_sha_top/core/hash_core/a_reg[24]_i_1_n_0
    SLICE_X37Y45         FDCE                                         r  u_sha_top/core/hash_core/a_reg_reg[24]/D
  -------------------------------------------------------------------    -------------------

                         (clock sys_clk_pin rise edge)
                                                     10.000    10.000 r  
    W5                                                0.000    10.000 r  clk (IN)
                         net (fo=0)                   0.000    10.000    clk
    W5                   IBUF (Prop_ibuf_I_O)         1.388    11.388 r  clk_IBUF_inst/O
                         net (fo=1, routed)           1.862    13.250    clk_IBUF
    BUFGCTRL_X0Y0        BUFG (Prop_bufg_I_O)         0.091    13.341 r  clk_IBUF_BUFG_inst/O
                         net (fo=4337, routed)        1.445    14.786    u_sha_top/core/hash_core/clk_IBUF_BUFG
    SLICE_X37Y45         FDCE                                         r  u_sha_top/core/hash_core/a_reg_reg[24]/C
                         clock pessimism              0.260    15.046    
                         clock uncertainty           -0.035    15.011    
    SLICE_X37Y45         FDCE (Setup_fdce_C_D)        0.029    15.040    u_sha_top/core/hash_core/a_reg_reg[24]
  -------------------------------------------------------------------
                         required time                         15.040    
                         arrival time                         -14.347    
  -------------------------------------------------------------------
                         slack                                  0.693    

Slack (MET) :             0.704ns  (required time - arrival time)
  Source:                 u_uart_rx/data_reg_reg[5]/C
                            (rising edge-triggered cell FDCE clocked by sys_clk_pin  {rise@0.000ns fall@5.000ns period=10.000ns})
  Destination:            msg_mem_reg[11][5]/D
                            (rising edge-triggered cell FDCE clocked by sys_clk_pin  {rise@0.000ns fall@5.000ns period=10.000ns})
  Path Group:             sys_clk_pin
  Path Type:              Setup (Max at Slow Process Corner)
  Requirement:            10.000ns  (sys_clk_pin rise@10.000ns - sys_clk_pin rise@0.000ns)
  Data Path Delay:        9.176ns  (logic 0.456ns (4.969%)  route 8.720ns (95.031%))
  Logic Levels:           0  
  Clock Path Skew:        -0.037ns (DCD - SCD + CPR)
    Destination Clock Delay (DCD):    4.860ns = ( 14.860 - 10.000 ) 
    Source Clock Delay      (SCD):    5.085ns
    Clock Pessimism Removal (CPR):    0.188ns
  Clock Uncertainty:      0.035ns  ((TSJ^2 + TIJ^2)^1/2 + DJ) / 2 + PE
    Total System Jitter     (TSJ):    0.071ns
    Total Input Jitter      (TIJ):    0.000ns
    Discrete Jitter          (DJ):    0.000ns
    Phase Error              (PE):    0.000ns

    Location             Delay type                Incr(ns)  Path(ns)    Netlist Resource(s)
  -------------------------------------------------------------------    -------------------
                         (clock sys_clk_pin rise edge)
                                                      0.000     0.000 r  
    W5                                                0.000     0.000 r  clk (IN)
                         net (fo=0)                   0.000     0.000    clk
    W5                   IBUF (Prop_ibuf_I_O)         1.458     1.458 r  clk_IBUF_inst/O
                         net (fo=1, routed)           1.967     3.425    clk_IBUF
    BUFGCTRL_X0Y0        BUFG (Prop_bufg_I_O)         0.096     3.521 r  clk_IBUF_BUFG_inst/O
                         net (fo=4337, routed)        1.564     5.085    u_uart_rx/clk_IBUF_BUFG
    SLICE_X33Y7          FDCE                                         r  u_uart_rx/data_reg_reg[5]/C
  -------------------------------------------------------------------    -------------------
    SLICE_X33Y7          FDCE (Prop_fdce_C_Q)         0.456     5.541 r  u_uart_rx/data_reg_reg[5]/Q
                         net (fo=260, routed)         8.720    14.262    rx_data[5]
    SLICE_X58Y2          FDCE                                         r  msg_mem_reg[11][5]/D
  -------------------------------------------------------------------    -------------------

                         (clock sys_clk_pin rise edge)
                                                     10.000    10.000 r  
    W5                                                0.000    10.000 r  clk (IN)
                         net (fo=0)                   0.000    10.000    clk
    W5                   IBUF (Prop_ibuf_I_O)         1.388    11.388 r  clk_IBUF_inst/O
                         net (fo=1, routed)           1.862    13.250    clk_IBUF
    BUFGCTRL_X0Y0        BUFG (Prop_bufg_I_O)         0.091    13.341 r  clk_IBUF_BUFG_inst/O
                         net (fo=4337, routed)        1.519    14.860    clk_IBUF_BUFG
    SLICE_X58Y2          FDCE                                         r  msg_mem_reg[11][5]/C
                         clock pessimism              0.188    15.048    
                         clock uncertainty           -0.035    15.013    
    SLICE_X58Y2          FDCE (Setup_fdce_C_D)       -0.047    14.966    msg_mem_reg[11][5]
  -------------------------------------------------------------------
                         required time                         14.966    
                         arrival time                         -14.262    
  -------------------------------------------------------------------
                         slack                                  0.704    





Min Delay Paths
--------------------------------------------------------------------------------------
Slack (MET) :             0.015ns  (arrival time - required time)
  Source:                 u_sha_top/buffer/digest_buffer_reg[3][26]/C
                            (rising edge-triggered cell FDCE clocked by sys_clk_pin  {rise@0.000ns fall@5.000ns period=10.000ns})
  Destination:            u_sha_top/buffer/digest_buffer_reg[2][26]/D
                            (rising edge-triggered cell FDCE clocked by sys_clk_pin  {rise@0.000ns fall@5.000ns period=10.000ns})
  Path Group:             sys_clk_pin
  Path Type:              Hold (Min at Fast Process Corner)
  Requirement:            0.000ns  (sys_clk_pin rise@0.000ns - sys_clk_pin rise@0.000ns)
  Data Path Delay:        0.399ns  (logic 0.186ns (46.614%)  route 0.213ns (53.386%))
  Logic Levels:           1  (LUT3=1)
  Clock Path Skew:        0.263ns (DCD - SCD - CPR)
    Destination Clock Delay (DCD):    1.959ns
    Source Clock Delay      (SCD):    1.447ns
    Clock Pessimism Removal (CPR):    0.249ns

    Location             Delay type                Incr(ns)  Path(ns)    Netlist Resource(s)
  -------------------------------------------------------------------    -------------------
                         (clock sys_clk_pin rise edge)
                                                      0.000     0.000 r  
    W5                                                0.000     0.000 r  clk (IN)
                         net (fo=0)                   0.000     0.000    clk
    W5                   IBUF (Prop_ibuf_I_O)         0.226     0.226 r  clk_IBUF_inst/O
                         net (fo=1, routed)           0.631     0.858    clk_IBUF
    BUFGCTRL_X0Y0        BUFG (Prop_bufg_I_O)         0.026     0.884 r  clk_IBUF_BUFG_inst/O
                         net (fo=4337, routed)        0.564     1.447    u_sha_top/buffer/clk_IBUF_BUFG
    SLICE_X36Y47         FDCE                                         r  u_sha_top/buffer/digest_buffer_reg[3][26]/C
  -------------------------------------------------------------------    -------------------
    SLICE_X36Y47         FDCE (Prop_fdce_C_Q)         0.141     1.588 r  u_sha_top/buffer/digest_buffer_reg[3][26]/Q
                         net (fo=1, routed)           0.213     1.801    u_sha_top/core/hash_core/digest_buffer_reg[2][31][26]
    SLICE_X30Y46         LUT3 (Prop_lut3_I2_O)        0.045     1.846 r  u_sha_top/core/hash_core/digest_buffer[2][26]_i_1/O
                         net (fo=1, routed)           0.000     1.846    u_sha_top/buffer/digest_buffer_reg[2][31]_1[26]
    SLICE_X30Y46         FDCE                                         r  u_sha_top/buffer/digest_buffer_reg[2][26]/D
  -------------------------------------------------------------------    -------------------

                         (clock sys_clk_pin rise edge)
                                                      0.000     0.000 r  
    W5                                                0.000     0.000 r  clk (IN)
                         net (fo=0)                   0.000     0.000    clk
    W5                   IBUF (Prop_ibuf_I_O)         0.414     0.414 r  clk_IBUF_inst/O
                         net (fo=1, routed)           0.685     1.099    clk_IBUF
    BUFGCTRL_X0Y0        BUFG (Prop_bufg_I_O)         0.029     1.128 r  clk_IBUF_BUFG_inst/O
                         net (fo=4337, routed)        0.832     1.959    u_sha_top/buffer/clk_IBUF_BUFG
    SLICE_X30Y46         FDCE                                         r  u_sha_top/buffer/digest_buffer_reg[2][26]/C
                         clock pessimism             -0.249     1.710    
    SLICE_X30Y46         FDCE (Hold_fdce_C_D)         0.121     1.831    u_sha_top/buffer/digest_buffer_reg[2][26]
  -------------------------------------------------------------------
                         required time                         -1.831    
                         arrival time                           1.846    
  -------------------------------------------------------------------
                         slack                                  0.015    

Slack (MET) :             0.044ns  (arrival time - required time)
  Source:                 u_sha_top/core/scheduler/w_mem_reg[3][20]/C
                            (rising edge-triggered cell FDCE clocked by sys_clk_pin  {rise@0.000ns fall@5.000ns period=10.000ns})
  Destination:            u_sha_top/core/scheduler/w_mem_reg[2][20]/D
                            (rising edge-triggered cell FDCE clocked by sys_clk_pin  {rise@0.000ns fall@5.000ns period=10.000ns})
  Path Group:             sys_clk_pin
  Path Type:              Hold (Min at Fast Process Corner)
  Requirement:            0.000ns  (sys_clk_pin rise@0.000ns - sys_clk_pin rise@0.000ns)
  Data Path Delay:        0.409ns  (logic 0.186ns (45.503%)  route 0.223ns (54.497%))
  Logic Levels:           1  (LUT3=1)
  Clock Path Skew:        0.273ns (DCD - SCD - CPR)
    Destination Clock Delay (DCD):    1.965ns
    Source Clock Delay      (SCD):    1.448ns
    Clock Pessimism Removal (CPR):    0.244ns

    Location             Delay type                Incr(ns)  Path(ns)    Netlist Resource(s)
  -------------------------------------------------------------------    -------------------
                         (clock sys_clk_pin rise edge)
                                                      0.000     0.000 r  
    W5                                                0.000     0.000 r  clk (IN)
                         net (fo=0)                   0.000     0.000    clk
    W5                   IBUF (Prop_ibuf_I_O)         0.226     0.226 r  clk_IBUF_inst/O
                         net (fo=1, routed)           0.631     0.858    clk_IBUF
    BUFGCTRL_X0Y0        BUFG (Prop_bufg_I_O)         0.026     0.884 r  clk_IBUF_BUFG_inst/O
                         net (fo=4337, routed)        0.565     1.448    u_sha_top/core/scheduler/clk_IBUF_BUFG
    SLICE_X55Y51         FDCE                                         r  u_sha_top/core/scheduler/w_mem_reg[3][20]/C
  -------------------------------------------------------------------    -------------------
    SLICE_X55Y51         FDCE (Prop_fdce_C_Q)         0.141     1.589 r  u_sha_top/core/scheduler/w_mem_reg[3][20]/Q
                         net (fo=1, routed)           0.223     1.812    u_sha_top/message_processing_unit/w_mem_reg[2][31][20]
    SLICE_X55Y49         LUT3 (Prop_lut3_I2_O)        0.045     1.857 r  u_sha_top/message_processing_unit/w_mem[2][20]_i_1/O
                         net (fo=1, routed)           0.000     1.857    u_sha_top/core/scheduler/w_mem_reg[2][31]_1[20]
    SLICE_X55Y49         FDCE                                         r  u_sha_top/core/scheduler/w_mem_reg[2][20]/D
  -------------------------------------------------------------------    -------------------

                         (clock sys_clk_pin rise edge)
                                                      0.000     0.000 r  
    W5                                                0.000     0.000 r  clk (IN)
                         net (fo=0)                   0.000     0.000    clk
    W5                   IBUF (Prop_ibuf_I_O)         0.414     0.414 r  clk_IBUF_inst/O
                         net (fo=1, routed)           0.685     1.099    clk_IBUF
    BUFGCTRL_X0Y0        BUFG (Prop_bufg_I_O)         0.029     1.128 r  clk_IBUF_BUFG_inst/O
                         net (fo=4337, routed)        0.838     1.965    u_sha_top/core/scheduler/clk_IBUF_BUFG
    SLICE_X55Y49         FDCE                                         r  u_sha_top/core/scheduler/w_mem_reg[2][20]/C
                         clock pessimism             -0.244     1.721    
    SLICE_X55Y49         FDCE (Hold_fdce_C_D)         0.092     1.813    u_sha_top/core/scheduler/w_mem_reg[2][20]
  -------------------------------------------------------------------
                         required time                         -1.813    
                         arrival time                           1.857    
  -------------------------------------------------------------------
                         slack                                  0.044    

Slack (MET) :             0.058ns  (arrival time - required time)
  Source:                 u_sha_top/core/hash_core/H0_reg_reg[21]/C
                            (rising edge-triggered cell FDCE clocked by sys_clk_pin  {rise@0.000ns fall@5.000ns period=10.000ns})
  Destination:            u_sha_top/core/hash_core/a_reg_reg[21]/D
                            (rising edge-triggered cell FDCE clocked by sys_clk_pin  {rise@0.000ns fall@5.000ns period=10.000ns})
  Path Group:             sys_clk_pin
  Path Type:              Hold (Min at Fast Process Corner)
  Requirement:            0.000ns  (sys_clk_pin rise@0.000ns - sys_clk_pin rise@0.000ns)
  Data Path Delay:        0.414ns  (logic 0.186ns (44.907%)  route 0.228ns (55.093%))
  Logic Levels:           1  (LUT5=1)
  Clock Path Skew:        0.264ns (DCD - SCD - CPR)
    Destination Clock Delay (DCD):    1.959ns
    Source Clock Delay      (SCD):    1.446ns
    Clock Pessimism Removal (CPR):    0.249ns

    Location             Delay type                Incr(ns)  Path(ns)    Netlist Resource(s)
  -------------------------------------------------------------------    -------------------
                         (clock sys_clk_pin rise edge)
                                                      0.000     0.000 r  
    W5                                                0.000     0.000 r  clk (IN)
                         net (fo=0)                   0.000     0.000    clk
    W5                   IBUF (Prop_ibuf_I_O)         0.226     0.226 r  clk_IBUF_inst/O
                         net (fo=1, routed)           0.631     0.858    clk_IBUF
    BUFGCTRL_X0Y0        BUFG (Prop_bufg_I_O)         0.026     0.884 r  clk_IBUF_BUFG_inst/O
                         net (fo=4337, routed)        0.563     1.446    u_sha_top/core/hash_core/clk_IBUF_BUFG
    SLICE_X28Y43         FDCE                                         r  u_sha_top/core/hash_core/H0_reg_reg[21]/C
  -------------------------------------------------------------------    -------------------
    SLICE_X28Y43         FDCE (Prop_fdce_C_Q)         0.141     1.587 r  u_sha_top/core/hash_core/H0_reg_reg[21]/Q
                         net (fo=5, routed)           0.228     1.815    u_sha_top/core/hash_core/digest[245]
    SLICE_X37Y44         LUT5 (Prop_lut5_I2_O)        0.045     1.860 r  u_sha_top/core/hash_core/a_reg[21]_i_1/O
                         net (fo=1, routed)           0.000     1.860    u_sha_top/core/hash_core/a_reg[21]_i_1_n_0
    SLICE_X37Y44         FDCE                                         r  u_sha_top/core/hash_core/a_reg_reg[21]/D
  -------------------------------------------------------------------    -------------------

                         (clock sys_clk_pin rise edge)
                                                      0.000     0.000 r  
    W5                                                0.000     0.000 r  clk (IN)
                         net (fo=0)                   0.000     0.000    clk
    W5                   IBUF (Prop_ibuf_I_O)         0.414     0.414 r  clk_IBUF_inst/O
                         net (fo=1, routed)           0.685     1.099    clk_IBUF
    BUFGCTRL_X0Y0        BUFG (Prop_bufg_I_O)         0.029     1.128 r  clk_IBUF_BUFG_inst/O
                         net (fo=4337, routed)        0.832     1.959    u_sha_top/core/hash_core/clk_IBUF_BUFG
    SLICE_X37Y44         FDCE                                         r  u_sha_top/core/hash_core/a_reg_reg[21]/C
                         clock pessimism             -0.249     1.710    
    SLICE_X37Y44         FDCE (Hold_fdce_C_D)         0.092     1.802    u_sha_top/core/hash_core/a_reg_reg[21]
  -------------------------------------------------------------------
                         required time                         -1.802    
                         arrival time                           1.860    
  -------------------------------------------------------------------
                         slack                                  0.058    

Slack (MET) :             0.059ns  (arrival time - required time)
  Source:                 u_sha_top/message_processing_unit/w_buffer_reg[1][29]/C
                            (rising edge-triggered cell FDCE clocked by sys_clk_pin  {rise@0.000ns fall@5.000ns period=10.000ns})
  Destination:            u_sha_top/core/scheduler/w_mem_reg[1][29]/D
                            (rising edge-triggered cell FDCE clocked by sys_clk_pin  {rise@0.000ns fall@5.000ns period=10.000ns})
  Path Group:             sys_clk_pin
  Path Type:              Hold (Min at Fast Process Corner)
  Requirement:            0.000ns  (sys_clk_pin rise@0.000ns - sys_clk_pin rise@0.000ns)
  Data Path Delay:        0.433ns  (logic 0.183ns (42.309%)  route 0.250ns (57.691%))
  Logic Levels:           1  (LUT3=1)
  Clock Path Skew:        0.267ns (DCD - SCD - CPR)
    Destination Clock Delay (DCD):    1.963ns
    Source Clock Delay      (SCD):    1.452ns
    Clock Pessimism Removal (CPR):    0.244ns

    Location             Delay type                Incr(ns)  Path(ns)    Netlist Resource(s)
  -------------------------------------------------------------------    -------------------
                         (clock sys_clk_pin rise edge)
                                                      0.000     0.000 r  
    W5                                                0.000     0.000 r  clk (IN)
                         net (fo=0)                   0.000     0.000    clk
    W5                   IBUF (Prop_ibuf_I_O)         0.226     0.226 r  clk_IBUF_inst/O
                         net (fo=1, routed)           0.631     0.858    clk_IBUF
    BUFGCTRL_X0Y0        BUFG (Prop_bufg_I_O)         0.026     0.884 r  clk_IBUF_BUFG_inst/O
                         net (fo=4337, routed)        0.569     1.452    u_sha_top/message_processing_unit/clk_IBUF_BUFG
    SLICE_X57Y49         FDCE                                         r  u_sha_top/message_processing_unit/w_buffer_reg[1][29]/C
  -------------------------------------------------------------------    -------------------
    SLICE_X57Y49         FDCE (Prop_fdce_C_Q)         0.141     1.593 r  u_sha_top/message_processing_unit/w_buffer_reg[1][29]/Q
                         net (fo=1, routed)           0.250     1.843    u_sha_top/message_processing_unit/block[477]
    SLICE_X57Y50         LUT3 (Prop_lut3_I0_O)        0.042     1.885 r  u_sha_top/message_processing_unit/w_mem[1][29]_i_1/O
                         net (fo=1, routed)           0.000     1.885    u_sha_top/core/scheduler/w_mem_reg[1][31]_1[29]
    SLICE_X57Y50         FDCE                                         r  u_sha_top/core/scheduler/w_mem_reg[1][29]/D
  -------------------------------------------------------------------    -------------------

                         (clock sys_clk_pin rise edge)
                                                      0.000     0.000 r  
    W5                                                0.000     0.000 r  clk (IN)
                         net (fo=0)                   0.000     0.000    clk
    W5                   IBUF (Prop_ibuf_I_O)         0.414     0.414 r  clk_IBUF_inst/O
                         net (fo=1, routed)           0.685     1.099    clk_IBUF
    BUFGCTRL_X0Y0        BUFG (Prop_bufg_I_O)         0.029     1.128 r  clk_IBUF_BUFG_inst/O
                         net (fo=4337, routed)        0.835     1.963    u_sha_top/core/scheduler/clk_IBUF_BUFG
    SLICE_X57Y50         FDCE                                         r  u_sha_top/core/scheduler/w_mem_reg[1][29]/C
                         clock pessimism             -0.244     1.719    
    SLICE_X57Y50         FDCE (Hold_fdce_C_D)         0.107     1.826    u_sha_top/core/scheduler/w_mem_reg[1][29]
  -------------------------------------------------------------------
                         required time                         -1.826    
                         arrival time                           1.885    
  -------------------------------------------------------------------
                         slack                                  0.059    

Slack (MET) :             0.059ns  (arrival time - required time)
  Source:                 u_sha_top/core/hash_core/H3_reg_reg[27]/C
                            (rising edge-triggered cell FDCE clocked by sys_clk_pin  {rise@0.000ns fall@5.000ns period=10.000ns})
  Destination:            u_sha_top/buffer/digest_buffer_reg[3][27]/D
                            (rising edge-triggered cell FDCE clocked by sys_clk_pin  {rise@0.000ns fall@5.000ns period=10.000ns})
  Path Group:             sys_clk_pin
  Path Type:              Hold (Min at Fast Process Corner)
  Requirement:            0.000ns  (sys_clk_pin rise@0.000ns - sys_clk_pin rise@0.000ns)
  Data Path Delay:        0.431ns  (logic 0.208ns (48.298%)  route 0.223ns (51.702%))
  Logic Levels:           1  (LUT3=1)
  Clock Path Skew:        0.265ns (DCD - SCD - CPR)
    Destination Clock Delay (DCD):    1.960ns
    Source Clock Delay      (SCD):    1.446ns
    Clock Pessimism Removal (CPR):    0.249ns

    Location             Delay type                Incr(ns)  Path(ns)    Netlist Resource(s)
  -------------------------------------------------------------------    -------------------
                         (clock sys_clk_pin rise edge)
                                                      0.000     0.000 r  
    W5                                                0.000     0.000 r  clk (IN)
                         net (fo=0)                   0.000     0.000    clk
    W5                   IBUF (Prop_ibuf_I_O)         0.226     0.226 r  clk_IBUF_inst/O
                         net (fo=1, routed)           0.631     0.858    clk_IBUF
    BUFGCTRL_X0Y0        BUFG (Prop_bufg_I_O)         0.026     0.884 r  clk_IBUF_BUFG_inst/O
                         net (fo=4337, routed)        0.563     1.446    u_sha_top/core/hash_core/clk_IBUF_BUFG
    SLICE_X34Y47         FDCE                                         r  u_sha_top/core/hash_core/H3_reg_reg[27]/C
  -------------------------------------------------------------------    -------------------
    SLICE_X34Y47         FDCE (Prop_fdce_C_Q)         0.164     1.610 r  u_sha_top/core/hash_core/H3_reg_reg[27]/Q
                         net (fo=5, routed)           0.223     1.833    u_sha_top/core/hash_core/digest[155]
    SLICE_X36Y47         LUT3 (Prop_lut3_I0_O)        0.044     1.877 r  u_sha_top/core/hash_core/digest_buffer[3][27]_i_1/O
                         net (fo=1, routed)           0.000     1.877    u_sha_top/buffer/digest_buffer_reg[3][31]_1[27]
    SLICE_X36Y47         FDCE                                         r  u_sha_top/buffer/digest_buffer_reg[3][27]/D
  -------------------------------------------------------------------    -------------------

                         (clock sys_clk_pin rise edge)
                                                      0.000     0.000 r  
    W5                                                0.000     0.000 r  clk (IN)
                         net (fo=0)                   0.000     0.000    clk
    W5                   IBUF (Prop_ibuf_I_O)         0.414     0.414 r  clk_IBUF_inst/O
                         net (fo=1, routed)           0.685     1.099    clk_IBUF
    BUFGCTRL_X0Y0        BUFG (Prop_bufg_I_O)         0.029     1.128 r  clk_IBUF_BUFG_inst/O
                         net (fo=4337, routed)        0.833     1.960    u_sha_top/buffer/clk_IBUF_BUFG
    SLICE_X36Y47         FDCE                                         r  u_sha_top/buffer/digest_buffer_reg[3][27]/C
                         clock pessimism             -0.249     1.711    
    SLICE_X36Y47         FDCE (Hold_fdce_C_D)         0.107     1.818    u_sha_top/buffer/digest_buffer_reg[3][27]
  -------------------------------------------------------------------
                         required time                         -1.818    
                         arrival time                           1.877    
  -------------------------------------------------------------------
                         slack                                  0.059    

Slack (MET) :             0.060ns  (arrival time - required time)
  Source:                 u_sha_top/buffer/digest_buffer_reg[3][25]/C
                            (rising edge-triggered cell FDCE clocked by sys_clk_pin  {rise@0.000ns fall@5.000ns period=10.000ns})
  Destination:            u_sha_top/buffer/digest_buffer_reg[2][25]/D
                            (rising edge-triggered cell FDCE clocked by sys_clk_pin  {rise@0.000ns fall@5.000ns period=10.000ns})
  Path Group:             sys_clk_pin
  Path Type:              Hold (Min at Fast Process Corner)
  Requirement:            0.000ns  (sys_clk_pin rise@0.000ns - sys_clk_pin rise@0.000ns)
  Data Path Delay:        0.431ns  (logic 0.229ns (53.103%)  route 0.202ns (46.897%))
  Logic Levels:           1  (LUT3=1)
  Clock Path Skew:        0.264ns (DCD - SCD - CPR)
    Destination Clock Delay (DCD):    1.960ns
    Source Clock Delay      (SCD):    1.447ns
    Clock Pessimism Removal (CPR):    0.249ns

    Location             Delay type                Incr(ns)  Path(ns)    Netlist Resource(s)
  -------------------------------------------------------------------    -------------------
                         (clock sys_clk_pin rise edge)
                                                      0.000     0.000 r  
    W5                                                0.000     0.000 r  clk (IN)
                         net (fo=0)                   0.000     0.000    clk
    W5                   IBUF (Prop_ibuf_I_O)         0.226     0.226 r  clk_IBUF_inst/O
                         net (fo=1, routed)           0.631     0.858    clk_IBUF
    BUFGCTRL_X0Y0        BUFG (Prop_bufg_I_O)         0.026     0.884 r  clk_IBUF_BUFG_inst/O
                         net (fo=4337, routed)        0.564     1.447    u_sha_top/buffer/clk_IBUF_BUFG
    SLICE_X36Y47         FDCE                                         r  u_sha_top/buffer/digest_buffer_reg[3][25]/C
  -------------------------------------------------------------------    -------------------
    SLICE_X36Y47         FDCE (Prop_fdce_C_Q)         0.128     1.575 r  u_sha_top/buffer/digest_buffer_reg[3][25]/Q
                         net (fo=1, routed)           0.202     1.777    u_sha_top/core/hash_core/digest_buffer_reg[2][31][25]
    SLICE_X33Y47         LUT3 (Prop_lut3_I2_O)        0.101     1.878 r  u_sha_top/core/hash_core/digest_buffer[2][25]_i_1/O
                         net (fo=1, routed)           0.000     1.878    u_sha_top/buffer/digest_buffer_reg[2][31]_1[25]
    SLICE_X33Y47         FDCE                                         r  u_sha_top/buffer/digest_buffer_reg[2][25]/D
  -------------------------------------------------------------------    -------------------

                         (clock sys_clk_pin rise edge)
                                                      0.000     0.000 r  
    W5                                                0.000     0.000 r  clk (IN)
                         net (fo=0)                   0.000     0.000    clk
    W5                   IBUF (Prop_ibuf_I_O)         0.414     0.414 r  clk_IBUF_inst/O
                         net (fo=1, routed)           0.685     1.099    clk_IBUF
    BUFGCTRL_X0Y0        BUFG (Prop_bufg_I_O)         0.029     1.128 r  clk_IBUF_BUFG_inst/O
                         net (fo=4337, routed)        0.833     1.960    u_sha_top/buffer/clk_IBUF_BUFG
    SLICE_X33Y47         FDCE                                         r  u_sha_top/buffer/digest_buffer_reg[2][25]/C
                         clock pessimism             -0.249     1.711    
    SLICE_X33Y47         FDCE (Hold_fdce_C_D)         0.107     1.818    u_sha_top/buffer/digest_buffer_reg[2][25]
  -------------------------------------------------------------------
                         required time                         -1.818    
                         arrival time                           1.878    
  -------------------------------------------------------------------
                         slack                                  0.060    

Slack (MET) :             0.061ns  (arrival time - required time)
  Source:                 u_sha_top/core/hash_core/H0_reg_reg[6]/C
                            (rising edge-triggered cell FDCE clocked by sys_clk_pin  {rise@0.000ns fall@5.000ns period=10.000ns})
  Destination:            u_sha_top/buffer/digest_buffer_reg[0][6]/D
                            (rising edge-triggered cell FDCE clocked by sys_clk_pin  {rise@0.000ns fall@5.000ns period=10.000ns})
  Path Group:             sys_clk_pin
  Path Type:              Hold (Min at Fast Process Corner)
  Requirement:            0.000ns  (sys_clk_pin rise@0.000ns - sys_clk_pin rise@0.000ns)
  Data Path Delay:        0.413ns  (logic 0.186ns (45.039%)  route 0.227ns (54.961%))
  Logic Levels:           1  (LUT3=1)
  Clock Path Skew:        0.261ns (DCD - SCD - CPR)
    Destination Clock Delay (DCD):    1.952ns
    Source Clock Delay      (SCD):    1.442ns
    Clock Pessimism Removal (CPR):    0.249ns

    Location             Delay type                Incr(ns)  Path(ns)    Netlist Resource(s)
  -------------------------------------------------------------------    -------------------
                         (clock sys_clk_pin rise edge)
                                                      0.000     0.000 r  
    W5                                                0.000     0.000 r  clk (IN)
                         net (fo=0)                   0.000     0.000    clk
    W5                   IBUF (Prop_ibuf_I_O)         0.226     0.226 r  clk_IBUF_inst/O
                         net (fo=1, routed)           0.631     0.858    clk_IBUF
    BUFGCTRL_X0Y0        BUFG (Prop_bufg_I_O)         0.026     0.884 r  clk_IBUF_BUFG_inst/O
                         net (fo=4337, routed)        0.559     1.442    u_sha_top/core/hash_core/clk_IBUF_BUFG
    SLICE_X36Y35         FDCE                                         r  u_sha_top/core/hash_core/H0_reg_reg[6]/C
  -------------------------------------------------------------------    -------------------
    SLICE_X36Y35         FDCE (Prop_fdce_C_Q)         0.141     1.583 r  u_sha_top/core/hash_core/H0_reg_reg[6]/Q
                         net (fo=5, routed)           0.227     1.810    u_sha_top/core/hash_core/digest[230]
    SLICE_X35Y34         LUT3 (Prop_lut3_I0_O)        0.045     1.855 r  u_sha_top/core/hash_core/digest_buffer[0][6]_i_1/O
                         net (fo=1, routed)           0.000     1.855    u_sha_top/buffer/digest_buffer_reg[0][31]_1[6]
    SLICE_X35Y34         FDCE                                         r  u_sha_top/buffer/digest_buffer_reg[0][6]/D
  -------------------------------------------------------------------    -------------------

                         (clock sys_clk_pin rise edge)
                                                      0.000     0.000 r  
    W5                                                0.000     0.000 r  clk (IN)
                         net (fo=0)                   0.000     0.000    clk
    W5                   IBUF (Prop_ibuf_I_O)         0.414     0.414 r  clk_IBUF_inst/O
                         net (fo=1, routed)           0.685     1.099    clk_IBUF
    BUFGCTRL_X0Y0        BUFG (Prop_bufg_I_O)         0.029     1.128 r  clk_IBUF_BUFG_inst/O
                         net (fo=4337, routed)        0.825     1.952    u_sha_top/buffer/clk_IBUF_BUFG
    SLICE_X35Y34         FDCE                                         r  u_sha_top/buffer/digest_buffer_reg[0][6]/C
                         clock pessimism             -0.249     1.703    
    SLICE_X35Y34         FDCE (Hold_fdce_C_D)         0.091     1.794    u_sha_top/buffer/digest_buffer_reg[0][6]
  -------------------------------------------------------------------
                         required time                         -1.794    
                         arrival time                           1.855    
  -------------------------------------------------------------------
                         slack                                  0.061    

Slack (MET) :             0.079ns  (arrival time - required time)
  Source:                 u_sha_top/buffer/digest_buffer_reg[4][29]/C
                            (rising edge-triggered cell FDCE clocked by sys_clk_pin  {rise@0.000ns fall@5.000ns period=10.000ns})
  Destination:            u_sha_top/buffer/digest_buffer_reg[3][29]/D
                            (rising edge-triggered cell FDCE clocked by sys_clk_pin  {rise@0.000ns fall@5.000ns period=10.000ns})
  Path Group:             sys_clk_pin
  Path Type:              Hold (Min at Fast Process Corner)
  Requirement:            0.000ns  (sys_clk_pin rise@0.000ns - sys_clk_pin rise@0.000ns)
  Data Path Delay:        0.449ns  (logic 0.223ns (49.645%)  route 0.226ns (50.355%))
  Logic Levels:           1  (LUT3=1)
  Clock Path Skew:        0.263ns (DCD - SCD - CPR)
    Destination Clock Delay (DCD):    1.959ns
    Source Clock Delay      (SCD):    1.447ns
    Clock Pessimism Removal (CPR):    0.249ns

    Location             Delay type                Incr(ns)  Path(ns)    Netlist Resource(s)
  -------------------------------------------------------------------    -------------------
                         (clock sys_clk_pin rise edge)
                                                      0.000     0.000 r  
    W5                                                0.000     0.000 r  clk (IN)
                         net (fo=0)                   0.000     0.000    clk
    W5                   IBUF (Prop_ibuf_I_O)         0.226     0.226 r  clk_IBUF_inst/O
                         net (fo=1, routed)           0.631     0.858    clk_IBUF
    BUFGCTRL_X0Y0        BUFG (Prop_bufg_I_O)         0.026     0.884 r  clk_IBUF_BUFG_inst/O
                         net (fo=4337, routed)        0.564     1.447    u_sha_top/buffer/clk_IBUF_BUFG
    SLICE_X37Y48         FDCE                                         r  u_sha_top/buffer/digest_buffer_reg[4][29]/C
  -------------------------------------------------------------------    -------------------
    SLICE_X37Y48         FDCE (Prop_fdce_C_Q)         0.128     1.575 r  u_sha_top/buffer/digest_buffer_reg[4][29]/Q
                         net (fo=1, routed)           0.226     1.801    u_sha_top/core/hash_core/digest_buffer_reg[3][31][29]
    SLICE_X35Y48         LUT3 (Prop_lut3_I2_O)        0.095     1.896 r  u_sha_top/core/hash_core/digest_buffer[3][29]_i_1/O
                         net (fo=1, routed)           0.000     1.896    u_sha_top/buffer/digest_buffer_reg[3][31]_1[29]
    SLICE_X35Y48         FDCE                                         r  u_sha_top/buffer/digest_buffer_reg[3][29]/D
  -------------------------------------------------------------------    -------------------

                         (clock sys_clk_pin rise edge)
                                                      0.000     0.000 r  
    W5                                                0.000     0.000 r  clk (IN)
                         net (fo=0)                   0.000     0.000    clk
    W5                   IBUF (Prop_ibuf_I_O)         0.414     0.414 r  clk_IBUF_inst/O
                         net (fo=1, routed)           0.685     1.099    clk_IBUF
    BUFGCTRL_X0Y0        BUFG (Prop_bufg_I_O)         0.029     1.128 r  clk_IBUF_BUFG_inst/O
                         net (fo=4337, routed)        0.832     1.959    u_sha_top/buffer/clk_IBUF_BUFG
    SLICE_X35Y48         FDCE                                         r  u_sha_top/buffer/digest_buffer_reg[3][29]/C
                         clock pessimism             -0.249     1.710    
    SLICE_X35Y48         FDCE (Hold_fdce_C_D)         0.107     1.817    u_sha_top/buffer/digest_buffer_reg[3][29]
  -------------------------------------------------------------------
                         required time                         -1.817    
                         arrival time                           1.896    
  -------------------------------------------------------------------
                         slack                                  0.079    

Slack (MET) :             0.081ns  (arrival time - required time)
  Source:                 u_sha_top/core/hash_core/FSM_onehot_current_state_reg[0]_rep__0/C
                            (rising edge-triggered cell FDPE clocked by sys_clk_pin  {rise@0.000ns fall@5.000ns period=10.000ns})
  Destination:            u_sha_top/core/hash_core/c_reg_reg[29]/D
                            (rising edge-triggered cell FDCE clocked by sys_clk_pin  {rise@0.000ns fall@5.000ns period=10.000ns})
  Path Group:             sys_clk_pin
  Path Type:              Hold (Min at Fast Process Corner)
  Requirement:            0.000ns  (sys_clk_pin rise@0.000ns - sys_clk_pin rise@0.000ns)
  Data Path Delay:        0.436ns  (logic 0.209ns (47.954%)  route 0.227ns (52.046%))
  Logic Levels:           1  (LUT5=1)
  Clock Path Skew:        0.263ns (DCD - SCD - CPR)
    Destination Clock Delay (DCD):    1.959ns
    Source Clock Delay      (SCD):    1.447ns
    Clock Pessimism Removal (CPR):    0.249ns

    Location             Delay type                Incr(ns)  Path(ns)    Netlist Resource(s)
  -------------------------------------------------------------------    -------------------
                         (clock sys_clk_pin rise edge)
                                                      0.000     0.000 r  
    W5                                                0.000     0.000 r  clk (IN)
                         net (fo=0)                   0.000     0.000    clk
    W5                   IBUF (Prop_ibuf_I_O)         0.226     0.226 r  clk_IBUF_inst/O
                         net (fo=1, routed)           0.631     0.858    clk_IBUF
    BUFGCTRL_X0Y0        BUFG (Prop_bufg_I_O)         0.026     0.884 r  clk_IBUF_BUFG_inst/O
                         net (fo=4337, routed)        0.564     1.447    u_sha_top/core/hash_core/clk_IBUF_BUFG
    SLICE_X42Y48         FDPE                                         r  u_sha_top/core/hash_core/FSM_onehot_current_state_reg[0]_rep__0/C
  -------------------------------------------------------------------    -------------------
    SLICE_X42Y48         FDPE (Prop_fdpe_C_Q)         0.164     1.611 r  u_sha_top/core/hash_core/FSM_onehot_current_state_reg[0]_rep__0/Q
                         net (fo=102, routed)         0.227     1.838    u_sha_top/core/hash_core/FSM_onehot_current_state_reg[0]_rep__0_n_0
    SLICE_X35Y47         LUT5 (Prop_lut5_I2_O)        0.045     1.883 r  u_sha_top/core/hash_core/c_reg[29]_i_1/O
                         net (fo=1, routed)           0.000     1.883    u_sha_top/core/hash_core/c_reg[29]_i_1_n_0
    SLICE_X35Y47         FDCE                                         r  u_sha_top/core/hash_core/c_reg_reg[29]/D
  -------------------------------------------------------------------    -------------------

                         (clock sys_clk_pin rise edge)
                                                      0.000     0.000 r  
    W5                                                0.000     0.000 r  clk (IN)
                         net (fo=0)                   0.000     0.000    clk
    W5                   IBUF (Prop_ibuf_I_O)         0.414     0.414 r  clk_IBUF_inst/O
                         net (fo=1, routed)           0.685     1.099    clk_IBUF
    BUFGCTRL_X0Y0        BUFG (Prop_bufg_I_O)         0.029     1.128 r  clk_IBUF_BUFG_inst/O
                         net (fo=4337, routed)        0.832     1.959    u_sha_top/core/hash_core/clk_IBUF_BUFG
    SLICE_X35Y47         FDCE                                         r  u_sha_top/core/hash_core/c_reg_reg[29]/C
                         clock pessimism             -0.249     1.710    
    SLICE_X35Y47         FDCE (Hold_fdce_C_D)         0.092     1.802    u_sha_top/core/hash_core/c_reg_reg[29]
  -------------------------------------------------------------------
                         required time                         -1.802    
                         arrival time                           1.883    
  -------------------------------------------------------------------
                         slack                                  0.081    

Slack (MET) :             0.081ns  (arrival time - required time)
  Source:                 u_sha_top/core/hash_core/a_reg_reg[15]/C
                            (rising edge-triggered cell FDCE clocked by sys_clk_pin  {rise@0.000ns fall@5.000ns period=10.000ns})
  Destination:            u_sha_top/core/hash_core/b_reg_reg[15]/D
                            (rising edge-triggered cell FDCE clocked by sys_clk_pin  {rise@0.000ns fall@5.000ns period=10.000ns})
  Path Group:             sys_clk_pin
  Path Type:              Hold (Min at Fast Process Corner)
  Requirement:            0.000ns  (sys_clk_pin rise@0.000ns - sys_clk_pin rise@0.000ns)
  Data Path Delay:        0.466ns  (logic 0.186ns (39.875%)  route 0.280ns (60.125%))
  Logic Levels:           1  (LUT5=1)
  Clock Path Skew:        0.264ns (DCD - SCD - CPR)
    Destination Clock Delay (DCD):    1.958ns
    Source Clock Delay      (SCD):    1.445ns
    Clock Pessimism Removal (CPR):    0.249ns

    Location             Delay type                Incr(ns)  Path(ns)    Netlist Resource(s)
  -------------------------------------------------------------------    -------------------
                         (clock sys_clk_pin rise edge)
                                                      0.000     0.000 r  
    W5                                                0.000     0.000 r  clk (IN)
                         net (fo=0)                   0.000     0.000    clk
    W5                   IBUF (Prop_ibuf_I_O)         0.226     0.226 r  clk_IBUF_inst/O
                         net (fo=1, routed)           0.631     0.858    clk_IBUF
    BUFGCTRL_X0Y0        BUFG (Prop_bufg_I_O)         0.026     0.884 r  clk_IBUF_BUFG_inst/O
                         net (fo=4337, routed)        0.562     1.445    u_sha_top/core/hash_core/clk_IBUF_BUFG
    SLICE_X40Y40         FDCE                                         r  u_sha_top/core/hash_core/a_reg_reg[15]/C
  -------------------------------------------------------------------    -------------------
    SLICE_X40Y40         FDCE (Prop_fdce_C_Q)         0.141     1.586 r  u_sha_top/core/hash_core/a_reg_reg[15]/Q
                         net (fo=9, routed)           0.280     1.867    u_sha_top/core/hash_core/p_2_in[25]
    SLICE_X30Y40         LUT5 (Prop_lut5_I4_O)        0.045     1.912 r  u_sha_top/core/hash_core/b_reg[15]_i_1/O
                         net (fo=1, routed)           0.000     1.912    u_sha_top/core/hash_core/b_reg[15]_i_1_n_0
    SLICE_X30Y40         FDCE                                         r  u_sha_top/core/hash_core/b_reg_reg[15]/D
  -------------------------------------------------------------------    -------------------

                         (clock sys_clk_pin rise edge)
                                                      0.000     0.000 r  
    W5                                                0.000     0.000 r  clk (IN)
                         net (fo=0)                   0.000     0.000    clk
    W5                   IBUF (Prop_ibuf_I_O)         0.414     0.414 r  clk_IBUF_inst/O
                         net (fo=1, routed)           0.685     1.099    clk_IBUF
    BUFGCTRL_X0Y0        BUFG (Prop_bufg_I_O)         0.029     1.128 r  clk_IBUF_BUFG_inst/O
                         net (fo=4337, routed)        0.831     1.958    u_sha_top/core/hash_core/clk_IBUF_BUFG
    SLICE_X30Y40         FDCE                                         r  u_sha_top/core/hash_core/b_reg_reg[15]/C
                         clock pessimism             -0.249     1.709    
    SLICE_X30Y40         FDCE (Hold_fdce_C_D)         0.121     1.830    u_sha_top/core/hash_core/b_reg_reg[15]
  -------------------------------------------------------------------
                         required time                         -1.830    
                         arrival time                           1.912    
  -------------------------------------------------------------------
                         slack                                  0.081    





Pulse Width Checks
--------------------------------------------------------------------------------------
Clock Name:         sys_clk_pin
Waveform(ns):       { 0.000 5.000 }
Period(ns):         10.000
Sources:            { clk }

Check Type        Corner  Lib Pin  Reference Pin  Required(ns)  Actual(ns)  Slack(ns)  Location       Pin
Min Period        n/a     BUFG/I   n/a            2.155         10.000      7.845      BUFGCTRL_X0Y0  clk_IBUF_BUFG_inst/I
Min Period        n/a     FDPE/C   n/a            1.000         10.000      9.000      SLICE_X40Y27   FSM_sequential_current_state_reg[0]/C
Min Period        n/a     FDCE/C   n/a            1.000         10.000      9.000      SLICE_X40Y26   FSM_sequential_current_state_reg[1]/C
Min Period        n/a     FDPE/C   n/a            1.000         10.000      9.000      SLICE_X40Y27   FSM_sequential_current_state_reg[2]/C
Min Period        n/a     FDCE/C   n/a            1.000         10.000      9.000      SLICE_X43Y28   FSM_sequential_current_state_reg[3]/C
Min Period        n/a     FDCE/C   n/a            1.000         10.000      9.000      SLICE_X37Y22   byte_count_reg[0]/C
Min Period        n/a     FDCE/C   n/a            1.000         10.000      9.000      SLICE_X37Y22   byte_count_reg[1]/C
Min Period        n/a     FDCE/C   n/a            1.000         10.000      9.000      SLICE_X36Y23   byte_count_reg[2]/C
Min Period        n/a     FDCE/C   n/a            1.000         10.000      9.000      SLICE_X37Y24   byte_count_reg[3]/C
Min Period        n/a     FDCE/C   n/a            1.000         10.000      9.000      SLICE_X37Y22   byte_count_reg[4]/C
Low Pulse Width   Slow    FDPE/C   n/a            0.500         5.000       4.500      SLICE_X40Y27   FSM_sequential_current_state_reg[0]/C
Low Pulse Width   Fast    FDPE/C   n/a            0.500         5.000       4.500      SLICE_X40Y27   FSM_sequential_current_state_reg[0]/C
Low Pulse Width   Slow    FDCE/C   n/a            0.500         5.000       4.500      SLICE_X40Y26   FSM_sequential_current_state_reg[1]/C
Low Pulse Width   Fast    FDCE/C   n/a            0.500         5.000       4.500      SLICE_X40Y26   FSM_sequential_current_state_reg[1]/C
Low Pulse Width   Slow    FDPE/C   n/a            0.500         5.000       4.500      SLICE_X40Y27   FSM_sequential_current_state_reg[2]/C
Low Pulse Width   Fast    FDPE/C   n/a            0.500         5.000       4.500      SLICE_X40Y27   FSM_sequential_current_state_reg[2]/C
Low Pulse Width   Slow    FDCE/C   n/a            0.500         5.000       4.500      SLICE_X43Y28   FSM_sequential_current_state_reg[3]/C
Low Pulse Width   Fast    FDCE/C   n/a            0.500         5.000       4.500      SLICE_X43Y28   FSM_sequential_current_state_reg[3]/C
Low Pulse Width   Slow    FDCE/C   n/a            0.500         5.000       4.500      SLICE_X37Y22   byte_count_reg[0]/C
Low Pulse Width   Fast    FDCE/C   n/a            0.500         5.000       4.500      SLICE_X37Y22   byte_count_reg[0]/C
High Pulse Width  Slow    FDPE/C   n/a            0.500         5.000       4.500      SLICE_X40Y27   FSM_sequential_current_state_reg[0]/C
High Pulse Width  Fast    FDPE/C   n/a            0.500         5.000       4.500      SLICE_X40Y27   FSM_sequential_current_state_reg[0]/C
High Pulse Width  Slow    FDCE/C   n/a            0.500         5.000       4.500      SLICE_X40Y26   FSM_sequential_current_state_reg[1]/C
High Pulse Width  Fast    FDCE/C   n/a            0.500         5.000       4.500      SLICE_X40Y26   FSM_sequential_current_state_reg[1]/C
High Pulse Width  Slow    FDPE/C   n/a            0.500         5.000       4.500      SLICE_X40Y27   FSM_sequential_current_state_reg[2]/C
High Pulse Width  Fast    FDPE/C   n/a            0.500         5.000       4.500      SLICE_X40Y27   FSM_sequential_current_state_reg[2]/C
High Pulse Width  Slow    FDCE/C   n/a            0.500         5.000       4.500      SLICE_X43Y28   FSM_sequential_current_state_reg[3]/C
High Pulse Width  Fast    FDCE/C   n/a            0.500         5.000       4.500      SLICE_X43Y28   FSM_sequential_current_state_reg[3]/C
High Pulse Width  Slow    FDCE/C   n/a            0.500         5.000       4.500      SLICE_X37Y22   byte_count_reg[0]/C
High Pulse Width  Fast    FDCE/C   n/a            0.500         5.000       4.500      SLICE_X37Y22   byte_count_reg[0]/C



---------------------------------------------------------------------------------------------------
Path Group:  **async_default**
From Clock:  sys_clk_pin
  To Clock:  sys_clk_pin

Setup :            0  Failing Endpoints,  Worst Slack        2.976ns,  Total Violation        0.000ns
Hold  :            0  Failing Endpoints,  Worst Slack        0.710ns,  Total Violation        0.000ns
---------------------------------------------------------------------------------------------------


Max Delay Paths
--------------------------------------------------------------------------------------
Slack (MET) :             2.976ns  (required time - arrival time)
  Source:                 rst_sync_reg[1]/C
                            (rising edge-triggered cell FDRE clocked by sys_clk_pin  {rise@0.000ns fall@5.000ns period=10.000ns})
  Destination:            msg_mem_reg[79][2]/CLR
                            (recovery check against rising-edge clock sys_clk_pin  {rise@0.000ns fall@5.000ns period=10.000ns})
  Path Group:             **async_default**
  Path Type:              Recovery (Max at Slow Process Corner)
  Requirement:            10.000ns  (sys_clk_pin rise@10.000ns - sys_clk_pin rise@0.000ns)
  Data Path Delay:        6.410ns  (logic 0.518ns (8.082%)  route 5.892ns (91.918%))
  Logic Levels:           0  
  Clock Path Skew:        -0.174ns (DCD - SCD + CPR)
    Destination Clock Delay (DCD):    4.792ns = ( 14.792 - 10.000 ) 
    Source Clock Delay      (SCD):    5.154ns
    Clock Pessimism Removal (CPR):    0.188ns
  Clock Uncertainty:      0.035ns  ((TSJ^2 + TIJ^2)^1/2 + DJ) / 2 + PE
    Total System Jitter     (TSJ):    0.071ns
    Total Input Jitter      (TIJ):    0.000ns
    Discrete Jitter          (DJ):    0.000ns
    Phase Error              (PE):    0.000ns

    Location             Delay type                Incr(ns)  Path(ns)    Netlist Resource(s)
  -------------------------------------------------------------------    -------------------
                         (clock sys_clk_pin rise edge)
                                                      0.000     0.000 r  
    W5                                                0.000     0.000 r  clk (IN)
                         net (fo=0)                   0.000     0.000    clk
    W5                   IBUF (Prop_ibuf_I_O)         1.458     1.458 r  clk_IBUF_inst/O
                         net (fo=1, routed)           1.967     3.425    clk_IBUF
    BUFGCTRL_X0Y0        BUFG (Prop_bufg_I_O)         0.096     3.521 r  clk_IBUF_BUFG_inst/O
                         net (fo=4337, routed)        1.633     5.154    clk_IBUF_BUFG
    SLICE_X2Y13          FDRE                                         r  rst_sync_reg[1]/C
  -------------------------------------------------------------------    -------------------
    SLICE_X2Y13          FDRE (Prop_fdre_C_Q)         0.518     5.672 f  rst_sync_reg[1]/Q
                         net (fo=4335, routed)        5.892    11.564    rst_sync[1]
    SLICE_X48Y3          FDCE                                         f  msg_mem_reg[79][2]/CLR
  -------------------------------------------------------------------    -------------------

                         (clock sys_clk_pin rise edge)
                                                     10.000    10.000 r  
    W5                                                0.000    10.000 r  clk (IN)
                         net (fo=0)                   0.000    10.000    clk
    W5                   IBUF (Prop_ibuf_I_O)         1.388    11.388 r  clk_IBUF_inst/O
                         net (fo=1, routed)           1.862    13.250    clk_IBUF
    BUFGCTRL_X0Y0        BUFG (Prop_bufg_I_O)         0.091    13.341 r  clk_IBUF_BUFG_inst/O
                         net (fo=4337, routed)        1.451    14.792    clk_IBUF_BUFG
    SLICE_X48Y3          FDCE                                         r  msg_mem_reg[79][2]/C
                         clock pessimism              0.188    14.980    
                         clock uncertainty           -0.035    14.945    
    SLICE_X48Y3          FDCE (Recov_fdce_C_CLR)     -0.405    14.540    msg_mem_reg[79][2]
  -------------------------------------------------------------------
                         required time                         14.540    
                         arrival time                         -11.564    
  -------------------------------------------------------------------
                         slack                                  2.976    

Slack (MET) :             2.976ns  (required time - arrival time)
  Source:                 rst_sync_reg[1]/C
                            (rising edge-triggered cell FDRE clocked by sys_clk_pin  {rise@0.000ns fall@5.000ns period=10.000ns})
  Destination:            msg_mem_reg[79][6]/CLR
                            (recovery check against rising-edge clock sys_clk_pin  {rise@0.000ns fall@5.000ns period=10.000ns})
  Path Group:             **async_default**
  Path Type:              Recovery (Max at Slow Process Corner)
  Requirement:            10.000ns  (sys_clk_pin rise@10.000ns - sys_clk_pin rise@0.000ns)
  Data Path Delay:        6.410ns  (logic 0.518ns (8.082%)  route 5.892ns (91.918%))
  Logic Levels:           0  
  Clock Path Skew:        -0.174ns (DCD - SCD + CPR)
    Destination Clock Delay (DCD):    4.792ns = ( 14.792 - 10.000 ) 
    Source Clock Delay      (SCD):    5.154ns
    Clock Pessimism Removal (CPR):    0.188ns
  Clock Uncertainty:      0.035ns  ((TSJ^2 + TIJ^2)^1/2 + DJ) / 2 + PE
    Total System Jitter     (TSJ):    0.071ns
    Total Input Jitter      (TIJ):    0.000ns
    Discrete Jitter          (DJ):    0.000ns
    Phase Error              (PE):    0.000ns

    Location             Delay type                Incr(ns)  Path(ns)    Netlist Resource(s)
  -------------------------------------------------------------------    -------------------
                         (clock sys_clk_pin rise edge)
                                                      0.000     0.000 r  
    W5                                                0.000     0.000 r  clk (IN)
                         net (fo=0)                   0.000     0.000    clk
    W5                   IBUF (Prop_ibuf_I_O)         1.458     1.458 r  clk_IBUF_inst/O
                         net (fo=1, routed)           1.967     3.425    clk_IBUF
    BUFGCTRL_X0Y0        BUFG (Prop_bufg_I_O)         0.096     3.521 r  clk_IBUF_BUFG_inst/O
                         net (fo=4337, routed)        1.633     5.154    clk_IBUF_BUFG
    SLICE_X2Y13          FDRE                                         r  rst_sync_reg[1]/C
  -------------------------------------------------------------------    -------------------
    SLICE_X2Y13          FDRE (Prop_fdre_C_Q)         0.518     5.672 f  rst_sync_reg[1]/Q
                         net (fo=4335, routed)        5.892    11.564    rst_sync[1]
    SLICE_X48Y3          FDCE                                         f  msg_mem_reg[79][6]/CLR
  -------------------------------------------------------------------    -------------------

                         (clock sys_clk_pin rise edge)
                                                     10.000    10.000 r  
    W5                                                0.000    10.000 r  clk (IN)
                         net (fo=0)                   0.000    10.000    clk
    W5                   IBUF (Prop_ibuf_I_O)         1.388    11.388 r  clk_IBUF_inst/O
                         net (fo=1, routed)           1.862    13.250    clk_IBUF
    BUFGCTRL_X0Y0        BUFG (Prop_bufg_I_O)         0.091    13.341 r  clk_IBUF_BUFG_inst/O
                         net (fo=4337, routed)        1.451    14.792    clk_IBUF_BUFG
    SLICE_X48Y3          FDCE                                         r  msg_mem_reg[79][6]/C
                         clock pessimism              0.188    14.980    
                         clock uncertainty           -0.035    14.945    
    SLICE_X48Y3          FDCE (Recov_fdce_C_CLR)     -0.405    14.540    msg_mem_reg[79][6]
  -------------------------------------------------------------------
                         required time                         14.540    
                         arrival time                         -11.564    
  -------------------------------------------------------------------
                         slack                                  2.976    

Slack (MET) :             2.976ns  (required time - arrival time)
  Source:                 rst_sync_reg[1]/C
                            (rising edge-triggered cell FDRE clocked by sys_clk_pin  {rise@0.000ns fall@5.000ns period=10.000ns})
  Destination:            msg_mem_reg[79][7]/CLR
                            (recovery check against rising-edge clock sys_clk_pin  {rise@0.000ns fall@5.000ns period=10.000ns})
  Path Group:             **async_default**
  Path Type:              Recovery (Max at Slow Process Corner)
  Requirement:            10.000ns  (sys_clk_pin rise@10.000ns - sys_clk_pin rise@0.000ns)
  Data Path Delay:        6.410ns  (logic 0.518ns (8.082%)  route 5.892ns (91.918%))
  Logic Levels:           0  
  Clock Path Skew:        -0.174ns (DCD - SCD + CPR)
    Destination Clock Delay (DCD):    4.792ns = ( 14.792 - 10.000 ) 
    Source Clock Delay      (SCD):    5.154ns
    Clock Pessimism Removal (CPR):    0.188ns
  Clock Uncertainty:      0.035ns  ((TSJ^2 + TIJ^2)^1/2 + DJ) / 2 + PE
    Total System Jitter     (TSJ):    0.071ns
    Total Input Jitter      (TIJ):    0.000ns
    Discrete Jitter          (DJ):    0.000ns
    Phase Error              (PE):    0.000ns

    Location             Delay type                Incr(ns)  Path(ns)    Netlist Resource(s)
  -------------------------------------------------------------------    -------------------
                         (clock sys_clk_pin rise edge)
                                                      0.000     0.000 r  
    W5                                                0.000     0.000 r  clk (IN)
                         net (fo=0)                   0.000     0.000    clk
    W5                   IBUF (Prop_ibuf_I_O)         1.458     1.458 r  clk_IBUF_inst/O
                         net (fo=1, routed)           1.967     3.425    clk_IBUF
    BUFGCTRL_X0Y0        BUFG (Prop_bufg_I_O)         0.096     3.521 r  clk_IBUF_BUFG_inst/O
                         net (fo=4337, routed)        1.633     5.154    clk_IBUF_BUFG
    SLICE_X2Y13          FDRE                                         r  rst_sync_reg[1]/C
  -------------------------------------------------------------------    -------------------
    SLICE_X2Y13          FDRE (Prop_fdre_C_Q)         0.518     5.672 f  rst_sync_reg[1]/Q
                         net (fo=4335, routed)        5.892    11.564    rst_sync[1]
    SLICE_X48Y3          FDCE                                         f  msg_mem_reg[79][7]/CLR
  -------------------------------------------------------------------    -------------------

                         (clock sys_clk_pin rise edge)
                                                     10.000    10.000 r  
    W5                                                0.000    10.000 r  clk (IN)
                         net (fo=0)                   0.000    10.000    clk
    W5                   IBUF (Prop_ibuf_I_O)         1.388    11.388 r  clk_IBUF_inst/O
                         net (fo=1, routed)           1.862    13.250    clk_IBUF
    BUFGCTRL_X0Y0        BUFG (Prop_bufg_I_O)         0.091    13.341 r  clk_IBUF_BUFG_inst/O
                         net (fo=4337, routed)        1.451    14.792    clk_IBUF_BUFG
    SLICE_X48Y3          FDCE                                         r  msg_mem_reg[79][7]/C
                         clock pessimism              0.188    14.980    
                         clock uncertainty           -0.035    14.945    
    SLICE_X48Y3          FDCE (Recov_fdce_C_CLR)     -0.405    14.540    msg_mem_reg[79][7]
  -------------------------------------------------------------------
                         required time                         14.540    
                         arrival time                         -11.564    
  -------------------------------------------------------------------
                         slack                                  2.976    

Slack (MET) :             2.980ns  (required time - arrival time)
  Source:                 rst_sync_reg[1]/C
                            (rising edge-triggered cell FDRE clocked by sys_clk_pin  {rise@0.000ns fall@5.000ns period=10.000ns})
  Destination:            msg_mem_reg[51][1]/CLR
                            (recovery check against rising-edge clock sys_clk_pin  {rise@0.000ns fall@5.000ns period=10.000ns})
  Path Group:             **async_default**
  Path Type:              Recovery (Max at Slow Process Corner)
  Requirement:            10.000ns  (sys_clk_pin rise@10.000ns - sys_clk_pin rise@0.000ns)
  Data Path Delay:        6.405ns  (logic 0.518ns (8.087%)  route 5.887ns (91.913%))
  Logic Levels:           0  
  Clock Path Skew:        -0.174ns (DCD - SCD + CPR)
    Destination Clock Delay (DCD):    4.792ns = ( 14.792 - 10.000 ) 
    Source Clock Delay      (SCD):    5.154ns
    Clock Pessimism Removal (CPR):    0.188ns
  Clock Uncertainty:      0.035ns  ((TSJ^2 + TIJ^2)^1/2 + DJ) / 2 + PE
    Total System Jitter     (TSJ):    0.071ns
    Total Input Jitter      (TIJ):    0.000ns
    Discrete Jitter          (DJ):    0.000ns
    Phase Error              (PE):    0.000ns

    Location             Delay type                Incr(ns)  Path(ns)    Netlist Resource(s)
  -------------------------------------------------------------------    -------------------
                         (clock sys_clk_pin rise edge)
                                                      0.000     0.000 r  
    W5                                                0.000     0.000 r  clk (IN)
                         net (fo=0)                   0.000     0.000    clk
    W5                   IBUF (Prop_ibuf_I_O)         1.458     1.458 r  clk_IBUF_inst/O
                         net (fo=1, routed)           1.967     3.425    clk_IBUF
    BUFGCTRL_X0Y0        BUFG (Prop_bufg_I_O)         0.096     3.521 r  clk_IBUF_BUFG_inst/O
                         net (fo=4337, routed)        1.633     5.154    clk_IBUF_BUFG
    SLICE_X2Y13          FDRE                                         r  rst_sync_reg[1]/C
  -------------------------------------------------------------------    -------------------
    SLICE_X2Y13          FDRE (Prop_fdre_C_Q)         0.518     5.672 f  rst_sync_reg[1]/Q
                         net (fo=4335, routed)        5.887    11.560    rst_sync[1]
    SLICE_X49Y3          FDCE                                         f  msg_mem_reg[51][1]/CLR
  -------------------------------------------------------------------    -------------------

                         (clock sys_clk_pin rise edge)
                                                     10.000    10.000 r  
    W5                                                0.000    10.000 r  clk (IN)
                         net (fo=0)                   0.000    10.000    clk
    W5                   IBUF (Prop_ibuf_I_O)         1.388    11.388 r  clk_IBUF_inst/O
                         net (fo=1, routed)           1.862    13.250    clk_IBUF
    BUFGCTRL_X0Y0        BUFG (Prop_bufg_I_O)         0.091    13.341 r  clk_IBUF_BUFG_inst/O
                         net (fo=4337, routed)        1.451    14.792    clk_IBUF_BUFG
    SLICE_X49Y3          FDCE                                         r  msg_mem_reg[51][1]/C
                         clock pessimism              0.188    14.980    
                         clock uncertainty           -0.035    14.945    
    SLICE_X49Y3          FDCE (Recov_fdce_C_CLR)     -0.405    14.540    msg_mem_reg[51][1]
  -------------------------------------------------------------------
                         required time                         14.540    
                         arrival time                         -11.560    
  -------------------------------------------------------------------
                         slack                                  2.980    

Slack (MET) :             3.311ns  (required time - arrival time)
  Source:                 rst_sync_reg[1]/C
                            (rising edge-triggered cell FDRE clocked by sys_clk_pin  {rise@0.000ns fall@5.000ns period=10.000ns})
  Destination:            u_sha_top/core/hash_core/H0_reg_reg[20]/CLR
                            (recovery check against rising-edge clock sys_clk_pin  {rise@0.000ns fall@5.000ns period=10.000ns})
  Path Group:             **async_default**
  Path Type:              Recovery (Max at Slow Process Corner)
  Requirement:            10.000ns  (sys_clk_pin rise@10.000ns - sys_clk_pin rise@0.000ns)
  Data Path Delay:        6.140ns  (logic 0.518ns (8.436%)  route 5.622ns (91.564%))
  Logic Levels:           0  
  Clock Path Skew:        -0.108ns (DCD - SCD + CPR)
    Destination Clock Delay (DCD):    4.786ns = ( 14.786 - 10.000 ) 
    Source Clock Delay      (SCD):    5.154ns
    Clock Pessimism Removal (CPR):    0.260ns
  Clock Uncertainty:      0.035ns  ((TSJ^2 + TIJ^2)^1/2 + DJ) / 2 + PE
    Total System Jitter     (TSJ):    0.071ns
    Total Input Jitter      (TIJ):    0.000ns
    Discrete Jitter          (DJ):    0.000ns
    Phase Error              (PE):    0.000ns

    Location             Delay type                Incr(ns)  Path(ns)    Netlist Resource(s)
  -------------------------------------------------------------------    -------------------
                         (clock sys_clk_pin rise edge)
                                                      0.000     0.000 r  
    W5                                                0.000     0.000 r  clk (IN)
                         net (fo=0)                   0.000     0.000    clk
    W5                   IBUF (Prop_ibuf_I_O)         1.458     1.458 r  clk_IBUF_inst/O
                         net (fo=1, routed)           1.967     3.425    clk_IBUF
    BUFGCTRL_X0Y0        BUFG (Prop_bufg_I_O)         0.096     3.521 r  clk_IBUF_BUFG_inst/O
                         net (fo=4337, routed)        1.633     5.154    clk_IBUF_BUFG
    SLICE_X2Y13          FDRE                                         r  rst_sync_reg[1]/C
  -------------------------------------------------------------------    -------------------
    SLICE_X2Y13          FDRE (Prop_fdre_C_Q)         0.518     5.672 f  rst_sync_reg[1]/Q
                         net (fo=4335, routed)        5.622    11.295    u_sha_top/core/hash_core/H7_reg_reg[0]_0[0]
    SLICE_X32Y44         FDCE                                         f  u_sha_top/core/hash_core/H0_reg_reg[20]/CLR
  -------------------------------------------------------------------    -------------------

                         (clock sys_clk_pin rise edge)
                                                     10.000    10.000 r  
    W5                                                0.000    10.000 r  clk (IN)
                         net (fo=0)                   0.000    10.000    clk
    W5                   IBUF (Prop_ibuf_I_O)         1.388    11.388 r  clk_IBUF_inst/O
                         net (fo=1, routed)           1.862    13.250    clk_IBUF
    BUFGCTRL_X0Y0        BUFG (Prop_bufg_I_O)         0.091    13.341 r  clk_IBUF_BUFG_inst/O
                         net (fo=4337, routed)        1.445    14.786    u_sha_top/core/hash_core/clk_IBUF_BUFG
    SLICE_X32Y44         FDCE                                         r  u_sha_top/core/hash_core/H0_reg_reg[20]/C
                         clock pessimism              0.260    15.046    
                         clock uncertainty           -0.035    15.011    
    SLICE_X32Y44         FDCE (Recov_fdce_C_CLR)     -0.405    14.606    u_sha_top/core/hash_core/H0_reg_reg[20]
  -------------------------------------------------------------------
                         required time                         14.606    
                         arrival time                         -11.295    
  -------------------------------------------------------------------
                         slack                                  3.311    

Slack (MET) :             3.311ns  (required time - arrival time)
  Source:                 rst_sync_reg[1]/C
                            (rising edge-triggered cell FDRE clocked by sys_clk_pin  {rise@0.000ns fall@5.000ns period=10.000ns})
  Destination:            u_sha_top/core/hash_core/H0_reg_reg[24]/CLR
                            (recovery check against rising-edge clock sys_clk_pin  {rise@0.000ns fall@5.000ns period=10.000ns})
  Path Group:             **async_default**
  Path Type:              Recovery (Max at Slow Process Corner)
  Requirement:            10.000ns  (sys_clk_pin rise@10.000ns - sys_clk_pin rise@0.000ns)
  Data Path Delay:        6.140ns  (logic 0.518ns (8.436%)  route 5.622ns (91.564%))
  Logic Levels:           0  
  Clock Path Skew:        -0.108ns (DCD - SCD + CPR)
    Destination Clock Delay (DCD):    4.786ns = ( 14.786 - 10.000 ) 
    Source Clock Delay      (SCD):    5.154ns
    Clock Pessimism Removal (CPR):    0.260ns
  Clock Uncertainty:      0.035ns  ((TSJ^2 + TIJ^2)^1/2 + DJ) / 2 + PE
    Total System Jitter     (TSJ):    0.071ns
    Total Input Jitter      (TIJ):    0.000ns
    Discrete Jitter          (DJ):    0.000ns
    Phase Error              (PE):    0.000ns

    Location             Delay type                Incr(ns)  Path(ns)    Netlist Resource(s)
  -------------------------------------------------------------------    -------------------
                         (clock sys_clk_pin rise edge)
                                                      0.000     0.000 r  
    W5                                                0.000     0.000 r  clk (IN)
                         net (fo=0)                   0.000     0.000    clk
    W5                   IBUF (Prop_ibuf_I_O)         1.458     1.458 r  clk_IBUF_inst/O
                         net (fo=1, routed)           1.967     3.425    clk_IBUF
    BUFGCTRL_X0Y0        BUFG (Prop_bufg_I_O)         0.096     3.521 r  clk_IBUF_BUFG_inst/O
                         net (fo=4337, routed)        1.633     5.154    clk_IBUF_BUFG
    SLICE_X2Y13          FDRE                                         r  rst_sync_reg[1]/C
  -------------------------------------------------------------------    -------------------
    SLICE_X2Y13          FDRE (Prop_fdre_C_Q)         0.518     5.672 f  rst_sync_reg[1]/Q
                         net (fo=4335, routed)        5.622    11.295    u_sha_top/core/hash_core/H7_reg_reg[0]_0[0]
    SLICE_X32Y44         FDCE                                         f  u_sha_top/core/hash_core/H0_reg_reg[24]/CLR
  -------------------------------------------------------------------    -------------------

                         (clock sys_clk_pin rise edge)
                                                     10.000    10.000 r  
    W5                                                0.000    10.000 r  clk (IN)
                         net (fo=0)                   0.000    10.000    clk
    W5                   IBUF (Prop_ibuf_I_O)         1.388    11.388 r  clk_IBUF_inst/O
                         net (fo=1, routed)           1.862    13.250    clk_IBUF
    BUFGCTRL_X0Y0        BUFG (Prop_bufg_I_O)         0.091    13.341 r  clk_IBUF_BUFG_inst/O
                         net (fo=4337, routed)        1.445    14.786    u_sha_top/core/hash_core/clk_IBUF_BUFG
    SLICE_X32Y44         FDCE                                         r  u_sha_top/core/hash_core/H0_reg_reg[24]/C
                         clock pessimism              0.260    15.046    
                         clock uncertainty           -0.035    15.011    
    SLICE_X32Y44         FDCE (Recov_fdce_C_CLR)     -0.405    14.606    u_sha_top/core/hash_core/H0_reg_reg[24]
  -------------------------------------------------------------------
                         required time                         14.606    
                         arrival time                         -11.295    
  -------------------------------------------------------------------
                         slack                                  3.311    

Slack (MET) :             3.311ns  (required time - arrival time)
  Source:                 rst_sync_reg[1]/C
                            (rising edge-triggered cell FDRE clocked by sys_clk_pin  {rise@0.000ns fall@5.000ns period=10.000ns})
  Destination:            u_sha_top/core/hash_core/H0_reg_reg[25]/CLR
                            (recovery check against rising-edge clock sys_clk_pin  {rise@0.000ns fall@5.000ns period=10.000ns})
  Path Group:             **async_default**
  Path Type:              Recovery (Max at Slow Process Corner)
  Requirement:            10.000ns  (sys_clk_pin rise@10.000ns - sys_clk_pin rise@0.000ns)
  Data Path Delay:        6.140ns  (logic 0.518ns (8.436%)  route 5.622ns (91.564%))
  Logic Levels:           0  
  Clock Path Skew:        -0.108ns (DCD - SCD + CPR)
    Destination Clock Delay (DCD):    4.786ns = ( 14.786 - 10.000 ) 
    Source Clock Delay      (SCD):    5.154ns
    Clock Pessimism Removal (CPR):    0.260ns
  Clock Uncertainty:      0.035ns  ((TSJ^2 + TIJ^2)^1/2 + DJ) / 2 + PE
    Total System Jitter     (TSJ):    0.071ns
    Total Input Jitter      (TIJ):    0.000ns
    Discrete Jitter          (DJ):    0.000ns
    Phase Error              (PE):    0.000ns

    Location             Delay type                Incr(ns)  Path(ns)    Netlist Resource(s)
  -------------------------------------------------------------------    -------------------
                         (clock sys_clk_pin rise edge)
                                                      0.000     0.000 r  
    W5                                                0.000     0.000 r  clk (IN)
                         net (fo=0)                   0.000     0.000    clk
    W5                   IBUF (Prop_ibuf_I_O)         1.458     1.458 r  clk_IBUF_inst/O
                         net (fo=1, routed)           1.967     3.425    clk_IBUF
    BUFGCTRL_X0Y0        BUFG (Prop_bufg_I_O)         0.096     3.521 r  clk_IBUF_BUFG_inst/O
                         net (fo=4337, routed)        1.633     5.154    clk_IBUF_BUFG
    SLICE_X2Y13          FDRE                                         r  rst_sync_reg[1]/C
  -------------------------------------------------------------------    -------------------
    SLICE_X2Y13          FDRE (Prop_fdre_C_Q)         0.518     5.672 f  rst_sync_reg[1]/Q
                         net (fo=4335, routed)        5.622    11.295    u_sha_top/core/hash_core/H7_reg_reg[0]_0[0]
    SLICE_X32Y44         FDCE                                         f  u_sha_top/core/hash_core/H0_reg_reg[25]/CLR
  -------------------------------------------------------------------    -------------------

                         (clock sys_clk_pin rise edge)
                                                     10.000    10.000 r  
    W5                                                0.000    10.000 r  clk (IN)
                         net (fo=0)                   0.000    10.000    clk
    W5                   IBUF (Prop_ibuf_I_O)         1.388    11.388 r  clk_IBUF_inst/O
                         net (fo=1, routed)           1.862    13.250    clk_IBUF
    BUFGCTRL_X0Y0        BUFG (Prop_bufg_I_O)         0.091    13.341 r  clk_IBUF_BUFG_inst/O
                         net (fo=4337, routed)        1.445    14.786    u_sha_top/core/hash_core/clk_IBUF_BUFG
    SLICE_X32Y44         FDCE                                         r  u_sha_top/core/hash_core/H0_reg_reg[25]/C
                         clock pessimism              0.260    15.046    
                         clock uncertainty           -0.035    15.011    
    SLICE_X32Y44         FDCE (Recov_fdce_C_CLR)     -0.405    14.606    u_sha_top/core/hash_core/H0_reg_reg[25]
  -------------------------------------------------------------------
                         required time                         14.606    
                         arrival time                         -11.295    
  -------------------------------------------------------------------
                         slack                                  3.311    

Slack (MET) :             3.311ns  (required time - arrival time)
  Source:                 rst_sync_reg[1]/C
                            (rising edge-triggered cell FDRE clocked by sys_clk_pin  {rise@0.000ns fall@5.000ns period=10.000ns})
  Destination:            u_sha_top/core/hash_core/H0_reg_reg[26]/CLR
                            (recovery check against rising-edge clock sys_clk_pin  {rise@0.000ns fall@5.000ns period=10.000ns})
  Path Group:             **async_default**
  Path Type:              Recovery (Max at Slow Process Corner)
  Requirement:            10.000ns  (sys_clk_pin rise@10.000ns - sys_clk_pin rise@0.000ns)
  Data Path Delay:        6.140ns  (logic 0.518ns (8.436%)  route 5.622ns (91.564%))
  Logic Levels:           0  
  Clock Path Skew:        -0.108ns (DCD - SCD + CPR)
    Destination Clock Delay (DCD):    4.786ns = ( 14.786 - 10.000 ) 
    Source Clock Delay      (SCD):    5.154ns
    Clock Pessimism Removal (CPR):    0.260ns
  Clock Uncertainty:      0.035ns  ((TSJ^2 + TIJ^2)^1/2 + DJ) / 2 + PE
    Total System Jitter     (TSJ):    0.071ns
    Total Input Jitter      (TIJ):    0.000ns
    Discrete Jitter          (DJ):    0.000ns
    Phase Error              (PE):    0.000ns

    Location             Delay type                Incr(ns)  Path(ns)    Netlist Resource(s)
  -------------------------------------------------------------------    -------------------
                         (clock sys_clk_pin rise edge)
                                                      0.000     0.000 r  
    W5                                                0.000     0.000 r  clk (IN)
                         net (fo=0)                   0.000     0.000    clk
    W5                   IBUF (Prop_ibuf_I_O)         1.458     1.458 r  clk_IBUF_inst/O
                         net (fo=1, routed)           1.967     3.425    clk_IBUF
    BUFGCTRL_X0Y0        BUFG (Prop_bufg_I_O)         0.096     3.521 r  clk_IBUF_BUFG_inst/O
                         net (fo=4337, routed)        1.633     5.154    clk_IBUF_BUFG
    SLICE_X2Y13          FDRE                                         r  rst_sync_reg[1]/C
  -------------------------------------------------------------------    -------------------
    SLICE_X2Y13          FDRE (Prop_fdre_C_Q)         0.518     5.672 f  rst_sync_reg[1]/Q
                         net (fo=4335, routed)        5.622    11.295    u_sha_top/core/hash_core/H7_reg_reg[0]_0[0]
    SLICE_X32Y44         FDCE                                         f  u_sha_top/core/hash_core/H0_reg_reg[26]/CLR
  -------------------------------------------------------------------    -------------------

                         (clock sys_clk_pin rise edge)
                                                     10.000    10.000 r  
    W5                                                0.000    10.000 r  clk (IN)
                         net (fo=0)                   0.000    10.000    clk
    W5                   IBUF (Prop_ibuf_I_O)         1.388    11.388 r  clk_IBUF_inst/O
                         net (fo=1, routed)           1.862    13.250    clk_IBUF
    BUFGCTRL_X0Y0        BUFG (Prop_bufg_I_O)         0.091    13.341 r  clk_IBUF_BUFG_inst/O
                         net (fo=4337, routed)        1.445    14.786    u_sha_top/core/hash_core/clk_IBUF_BUFG
    SLICE_X32Y44         FDCE                                         r  u_sha_top/core/hash_core/H0_reg_reg[26]/C
                         clock pessimism              0.260    15.046    
                         clock uncertainty           -0.035    15.011    
    SLICE_X32Y44         FDCE (Recov_fdce_C_CLR)     -0.405    14.606    u_sha_top/core/hash_core/H0_reg_reg[26]
  -------------------------------------------------------------------
                         required time                         14.606    
                         arrival time                         -11.295    
  -------------------------------------------------------------------
                         slack                                  3.311    

Slack (MET) :             3.316ns  (required time - arrival time)
  Source:                 rst_sync_reg[1]/C
                            (rising edge-triggered cell FDRE clocked by sys_clk_pin  {rise@0.000ns fall@5.000ns period=10.000ns})
  Destination:            u_sha_top/core/hash_core/b_reg_reg[25]/CLR
                            (recovery check against rising-edge clock sys_clk_pin  {rise@0.000ns fall@5.000ns period=10.000ns})
  Path Group:             **async_default**
  Path Type:              Recovery (Max at Slow Process Corner)
  Requirement:            10.000ns  (sys_clk_pin rise@10.000ns - sys_clk_pin rise@0.000ns)
  Data Path Delay:        6.136ns  (logic 0.518ns (8.442%)  route 5.618ns (91.558%))
  Logic Levels:           0  
  Clock Path Skew:        -0.108ns (DCD - SCD + CPR)
    Destination Clock Delay (DCD):    4.786ns = ( 14.786 - 10.000 ) 
    Source Clock Delay      (SCD):    5.154ns
    Clock Pessimism Removal (CPR):    0.260ns
  Clock Uncertainty:      0.035ns  ((TSJ^2 + TIJ^2)^1/2 + DJ) / 2 + PE
    Total System Jitter     (TSJ):    0.071ns
    Total Input Jitter      (TIJ):    0.000ns
    Discrete Jitter          (DJ):    0.000ns
    Phase Error              (PE):    0.000ns

    Location             Delay type                Incr(ns)  Path(ns)    Netlist Resource(s)
  -------------------------------------------------------------------    -------------------
                         (clock sys_clk_pin rise edge)
                                                      0.000     0.000 r  
    W5                                                0.000     0.000 r  clk (IN)
                         net (fo=0)                   0.000     0.000    clk
    W5                   IBUF (Prop_ibuf_I_O)         1.458     1.458 r  clk_IBUF_inst/O
                         net (fo=1, routed)           1.967     3.425    clk_IBUF
    BUFGCTRL_X0Y0        BUFG (Prop_bufg_I_O)         0.096     3.521 r  clk_IBUF_BUFG_inst/O
                         net (fo=4337, routed)        1.633     5.154    clk_IBUF_BUFG
    SLICE_X2Y13          FDRE                                         r  rst_sync_reg[1]/C
  -------------------------------------------------------------------    -------------------
    SLICE_X2Y13          FDRE (Prop_fdre_C_Q)         0.518     5.672 f  rst_sync_reg[1]/Q
                         net (fo=4335, routed)        5.618    11.290    u_sha_top/core/hash_core/H7_reg_reg[0]_0[0]
    SLICE_X33Y44         FDCE                                         f  u_sha_top/core/hash_core/b_reg_reg[25]/CLR
  -------------------------------------------------------------------    -------------------

                         (clock sys_clk_pin rise edge)
                                                     10.000    10.000 r  
    W5                                                0.000    10.000 r  clk (IN)
                         net (fo=0)                   0.000    10.000    clk
    W5                   IBUF (Prop_ibuf_I_O)         1.388    11.388 r  clk_IBUF_inst/O
                         net (fo=1, routed)           1.862    13.250    clk_IBUF
    BUFGCTRL_X0Y0        BUFG (Prop_bufg_I_O)         0.091    13.341 r  clk_IBUF_BUFG_inst/O
                         net (fo=4337, routed)        1.445    14.786    u_sha_top/core/hash_core/clk_IBUF_BUFG
    SLICE_X33Y44         FDCE                                         r  u_sha_top/core/hash_core/b_reg_reg[25]/C
                         clock pessimism              0.260    15.046    
                         clock uncertainty           -0.035    15.011    
    SLICE_X33Y44         FDCE (Recov_fdce_C_CLR)     -0.405    14.606    u_sha_top/core/hash_core/b_reg_reg[25]
  -------------------------------------------------------------------
                         required time                         14.606    
                         arrival time                         -11.290    
  -------------------------------------------------------------------
                         slack                                  3.316    

Slack (MET) :             3.316ns  (required time - arrival time)
  Source:                 rst_sync_reg[1]/C
                            (rising edge-triggered cell FDRE clocked by sys_clk_pin  {rise@0.000ns fall@5.000ns period=10.000ns})
  Destination:            u_sha_top/core/hash_core/b_reg_reg[30]/CLR
                            (recovery check against rising-edge clock sys_clk_pin  {rise@0.000ns fall@5.000ns period=10.000ns})
  Path Group:             **async_default**
  Path Type:              Recovery (Max at Slow Process Corner)
  Requirement:            10.000ns  (sys_clk_pin rise@10.000ns - sys_clk_pin rise@0.000ns)
  Data Path Delay:        6.136ns  (logic 0.518ns (8.442%)  route 5.618ns (91.558%))
  Logic Levels:           0  
  Clock Path Skew:        -0.108ns (DCD - SCD + CPR)
    Destination Clock Delay (DCD):    4.786ns = ( 14.786 - 10.000 ) 
    Source Clock Delay      (SCD):    5.154ns
    Clock Pessimism Removal (CPR):    0.260ns
  Clock Uncertainty:      0.035ns  ((TSJ^2 + TIJ^2)^1/2 + DJ) / 2 + PE
    Total System Jitter     (TSJ):    0.071ns
    Total Input Jitter      (TIJ):    0.000ns
    Discrete Jitter          (DJ):    0.000ns
    Phase Error              (PE):    0.000ns

    Location             Delay type                Incr(ns)  Path(ns)    Netlist Resource(s)
  -------------------------------------------------------------------    -------------------
                         (clock sys_clk_pin rise edge)
                                                      0.000     0.000 r  
    W5                                                0.000     0.000 r  clk (IN)
                         net (fo=0)                   0.000     0.000    clk
    W5                   IBUF (Prop_ibuf_I_O)         1.458     1.458 r  clk_IBUF_inst/O
                         net (fo=1, routed)           1.967     3.425    clk_IBUF
    BUFGCTRL_X0Y0        BUFG (Prop_bufg_I_O)         0.096     3.521 r  clk_IBUF_BUFG_inst/O
                         net (fo=4337, routed)        1.633     5.154    clk_IBUF_BUFG
    SLICE_X2Y13          FDRE                                         r  rst_sync_reg[1]/C
  -------------------------------------------------------------------    -------------------
    SLICE_X2Y13          FDRE (Prop_fdre_C_Q)         0.518     5.672 f  rst_sync_reg[1]/Q
                         net (fo=4335, routed)        5.618    11.290    u_sha_top/core/hash_core/H7_reg_reg[0]_0[0]
    SLICE_X33Y44         FDCE                                         f  u_sha_top/core/hash_core/b_reg_reg[30]/CLR
  -------------------------------------------------------------------    -------------------

                         (clock sys_clk_pin rise edge)
                                                     10.000    10.000 r  
    W5                                                0.000    10.000 r  clk (IN)
                         net (fo=0)                   0.000    10.000    clk
    W5                   IBUF (Prop_ibuf_I_O)         1.388    11.388 r  clk_IBUF_inst/O
                         net (fo=1, routed)           1.862    13.250    clk_IBUF
    BUFGCTRL_X0Y0        BUFG (Prop_bufg_I_O)         0.091    13.341 r  clk_IBUF_BUFG_inst/O
                         net (fo=4337, routed)        1.445    14.786    u_sha_top/core/hash_core/clk_IBUF_BUFG
    SLICE_X33Y44         FDCE                                         r  u_sha_top/core/hash_core/b_reg_reg[30]/C
                         clock pessimism              0.260    15.046    
                         clock uncertainty           -0.035    15.011    
    SLICE_X33Y44         FDCE (Recov_fdce_C_CLR)     -0.405    14.606    u_sha_top/core/hash_core/b_reg_reg[30]
  -------------------------------------------------------------------
                         required time                         14.606    
                         arrival time                         -11.290    
  -------------------------------------------------------------------
                         slack                                  3.316    





Min Delay Paths
--------------------------------------------------------------------------------------
Slack (MET) :             0.710ns  (arrival time - required time)
  Source:                 rst_sync_reg[1]/C
                            (rising edge-triggered cell FDRE clocked by sys_clk_pin  {rise@0.000ns fall@5.000ns period=10.000ns})
  Destination:            msg_mem_reg[188][3]/CLR
                            (removal check against rising-edge clock sys_clk_pin  {rise@0.000ns fall@5.000ns period=10.000ns})
  Path Group:             **async_default**
  Path Type:              Removal (Min at Fast Process Corner)
  Requirement:            0.000ns  (sys_clk_pin rise@0.000ns - sys_clk_pin rise@0.000ns)
  Data Path Delay:        0.864ns  (logic 0.164ns (18.990%)  route 0.700ns (81.010%))
  Logic Levels:           0  
  Clock Path Skew:        0.221ns (DCD - SCD - CPR)
    Destination Clock Delay (DCD):    1.944ns
    Source Clock Delay      (SCD):    1.474ns
    Clock Pessimism Removal (CPR):    0.249ns

    Location             Delay type                Incr(ns)  Path(ns)    Netlist Resource(s)
  -------------------------------------------------------------------    -------------------
                         (clock sys_clk_pin rise edge)
                                                      0.000     0.000 r  
    W5                                                0.000     0.000 r  clk (IN)
                         net (fo=0)                   0.000     0.000    clk
    W5                   IBUF (Prop_ibuf_I_O)         0.226     0.226 r  clk_IBUF_inst/O
                         net (fo=1, routed)           0.631     0.858    clk_IBUF
    BUFGCTRL_X0Y0        BUFG (Prop_bufg_I_O)         0.026     0.884 r  clk_IBUF_BUFG_inst/O
                         net (fo=4337, routed)        0.591     1.474    clk_IBUF_BUFG
    SLICE_X2Y13          FDRE                                         r  rst_sync_reg[1]/C
  -------------------------------------------------------------------    -------------------
    SLICE_X2Y13          FDRE (Prop_fdre_C_Q)         0.164     1.638 f  rst_sync_reg[1]/Q
                         net (fo=4335, routed)        0.700     2.338    rst_sync[1]
    SLICE_X42Y25         FDCE                                         f  msg_mem_reg[188][3]/CLR
  -------------------------------------------------------------------    -------------------

                         (clock sys_clk_pin rise edge)
                                                      0.000     0.000 r  
    W5                                                0.000     0.000 r  clk (IN)
                         net (fo=0)                   0.000     0.000    clk
    W5                   IBUF (Prop_ibuf_I_O)         0.414     0.414 r  clk_IBUF_inst/O
                         net (fo=1, routed)           0.685     1.099    clk_IBUF
    BUFGCTRL_X0Y0        BUFG (Prop_bufg_I_O)         0.029     1.128 r  clk_IBUF_BUFG_inst/O
                         net (fo=4337, routed)        0.817     1.944    clk_IBUF_BUFG
    SLICE_X42Y25         FDCE                                         r  msg_mem_reg[188][3]/C
                         clock pessimism             -0.249     1.695    
    SLICE_X42Y25         FDCE (Remov_fdce_C_CLR)     -0.067     1.628    msg_mem_reg[188][3]
  -------------------------------------------------------------------
                         required time                         -1.628    
                         arrival time                           2.338    
  -------------------------------------------------------------------
                         slack                                  0.710    

Slack (MET) :             0.710ns  (arrival time - required time)
  Source:                 rst_sync_reg[1]/C
                            (rising edge-triggered cell FDRE clocked by sys_clk_pin  {rise@0.000ns fall@5.000ns period=10.000ns})
  Destination:            msg_mem_reg[188][4]/CLR
                            (removal check against rising-edge clock sys_clk_pin  {rise@0.000ns fall@5.000ns period=10.000ns})
  Path Group:             **async_default**
  Path Type:              Removal (Min at Fast Process Corner)
  Requirement:            0.000ns  (sys_clk_pin rise@0.000ns - sys_clk_pin rise@0.000ns)
  Data Path Delay:        0.864ns  (logic 0.164ns (18.990%)  route 0.700ns (81.010%))
  Logic Levels:           0  
  Clock Path Skew:        0.221ns (DCD - SCD - CPR)
    Destination Clock Delay (DCD):    1.944ns
    Source Clock Delay      (SCD):    1.474ns
    Clock Pessimism Removal (CPR):    0.249ns

    Location             Delay type                Incr(ns)  Path(ns)    Netlist Resource(s)
  -------------------------------------------------------------------    -------------------
                         (clock sys_clk_pin rise edge)
                                                      0.000     0.000 r  
    W5                                                0.000     0.000 r  clk (IN)
                         net (fo=0)                   0.000     0.000    clk
    W5                   IBUF (Prop_ibuf_I_O)         0.226     0.226 r  clk_IBUF_inst/O
                         net (fo=1, routed)           0.631     0.858    clk_IBUF
    BUFGCTRL_X0Y0        BUFG (Prop_bufg_I_O)         0.026     0.884 r  clk_IBUF_BUFG_inst/O
                         net (fo=4337, routed)        0.591     1.474    clk_IBUF_BUFG
    SLICE_X2Y13          FDRE                                         r  rst_sync_reg[1]/C
  -------------------------------------------------------------------    -------------------
    SLICE_X2Y13          FDRE (Prop_fdre_C_Q)         0.164     1.638 f  rst_sync_reg[1]/Q
                         net (fo=4335, routed)        0.700     2.338    rst_sync[1]
    SLICE_X42Y25         FDCE                                         f  msg_mem_reg[188][4]/CLR
  -------------------------------------------------------------------    -------------------

                         (clock sys_clk_pin rise edge)
                                                      0.000     0.000 r  
    W5                                                0.000     0.000 r  clk (IN)
                         net (fo=0)                   0.000     0.000    clk
    W5                   IBUF (Prop_ibuf_I_O)         0.414     0.414 r  clk_IBUF_inst/O
                         net (fo=1, routed)           0.685     1.099    clk_IBUF
    BUFGCTRL_X0Y0        BUFG (Prop_bufg_I_O)         0.029     1.128 r  clk_IBUF_BUFG_inst/O
                         net (fo=4337, routed)        0.817     1.944    clk_IBUF_BUFG
    SLICE_X42Y25         FDCE                                         r  msg_mem_reg[188][4]/C
                         clock pessimism             -0.249     1.695    
    SLICE_X42Y25         FDCE (Remov_fdce_C_CLR)     -0.067     1.628    msg_mem_reg[188][4]
  -------------------------------------------------------------------
                         required time                         -1.628    
                         arrival time                           2.338    
  -------------------------------------------------------------------
                         slack                                  0.710    

Slack (MET) :             0.710ns  (arrival time - required time)
  Source:                 rst_sync_reg[1]/C
                            (rising edge-triggered cell FDRE clocked by sys_clk_pin  {rise@0.000ns fall@5.000ns period=10.000ns})
  Destination:            msg_mem_reg[188][5]/CLR
                            (removal check against rising-edge clock sys_clk_pin  {rise@0.000ns fall@5.000ns period=10.000ns})
  Path Group:             **async_default**
  Path Type:              Removal (Min at Fast Process Corner)
  Requirement:            0.000ns  (sys_clk_pin rise@0.000ns - sys_clk_pin rise@0.000ns)
  Data Path Delay:        0.864ns  (logic 0.164ns (18.990%)  route 0.700ns (81.010%))
  Logic Levels:           0  
  Clock Path Skew:        0.221ns (DCD - SCD - CPR)
    Destination Clock Delay (DCD):    1.944ns
    Source Clock Delay      (SCD):    1.474ns
    Clock Pessimism Removal (CPR):    0.249ns

    Location             Delay type                Incr(ns)  Path(ns)    Netlist Resource(s)
  -------------------------------------------------------------------    -------------------
                         (clock sys_clk_pin rise edge)
                                                      0.000     0.000 r  
    W5                                                0.000     0.000 r  clk (IN)
                         net (fo=0)                   0.000     0.000    clk
    W5                   IBUF (Prop_ibuf_I_O)         0.226     0.226 r  clk_IBUF_inst/O
                         net (fo=1, routed)           0.631     0.858    clk_IBUF
    BUFGCTRL_X0Y0        BUFG (Prop_bufg_I_O)         0.026     0.884 r  clk_IBUF_BUFG_inst/O
                         net (fo=4337, routed)        0.591     1.474    clk_IBUF_BUFG
    SLICE_X2Y13          FDRE                                         r  rst_sync_reg[1]/C
  -------------------------------------------------------------------    -------------------
    SLICE_X2Y13          FDRE (Prop_fdre_C_Q)         0.164     1.638 f  rst_sync_reg[1]/Q
                         net (fo=4335, routed)        0.700     2.338    rst_sync[1]
    SLICE_X42Y25         FDCE                                         f  msg_mem_reg[188][5]/CLR
  -------------------------------------------------------------------    -------------------

                         (clock sys_clk_pin rise edge)
                                                      0.000     0.000 r  
    W5                                                0.000     0.000 r  clk (IN)
                         net (fo=0)                   0.000     0.000    clk
    W5                   IBUF (Prop_ibuf_I_O)         0.414     0.414 r  clk_IBUF_inst/O
                         net (fo=1, routed)           0.685     1.099    clk_IBUF
    BUFGCTRL_X0Y0        BUFG (Prop_bufg_I_O)         0.029     1.128 r  clk_IBUF_BUFG_inst/O
                         net (fo=4337, routed)        0.817     1.944    clk_IBUF_BUFG
    SLICE_X42Y25         FDCE                                         r  msg_mem_reg[188][5]/C
                         clock pessimism             -0.249     1.695    
    SLICE_X42Y25         FDCE (Remov_fdce_C_CLR)     -0.067     1.628    msg_mem_reg[188][5]
  -------------------------------------------------------------------
                         required time                         -1.628    
                         arrival time                           2.338    
  -------------------------------------------------------------------
                         slack                                  0.710    

Slack (MET) :             0.710ns  (arrival time - required time)
  Source:                 rst_sync_reg[1]/C
                            (rising edge-triggered cell FDRE clocked by sys_clk_pin  {rise@0.000ns fall@5.000ns period=10.000ns})
  Destination:            msg_mem_reg[188][6]/CLR
                            (removal check against rising-edge clock sys_clk_pin  {rise@0.000ns fall@5.000ns period=10.000ns})
  Path Group:             **async_default**
  Path Type:              Removal (Min at Fast Process Corner)
  Requirement:            0.000ns  (sys_clk_pin rise@0.000ns - sys_clk_pin rise@0.000ns)
  Data Path Delay:        0.864ns  (logic 0.164ns (18.990%)  route 0.700ns (81.010%))
  Logic Levels:           0  
  Clock Path Skew:        0.221ns (DCD - SCD - CPR)
    Destination Clock Delay (DCD):    1.944ns
    Source Clock Delay      (SCD):    1.474ns
    Clock Pessimism Removal (CPR):    0.249ns

    Location             Delay type                Incr(ns)  Path(ns)    Netlist Resource(s)
  -------------------------------------------------------------------    -------------------
                         (clock sys_clk_pin rise edge)
                                                      0.000     0.000 r  
    W5                                                0.000     0.000 r  clk (IN)
                         net (fo=0)                   0.000     0.000    clk
    W5                   IBUF (Prop_ibuf_I_O)         0.226     0.226 r  clk_IBUF_inst/O
                         net (fo=1, routed)           0.631     0.858    clk_IBUF
    BUFGCTRL_X0Y0        BUFG (Prop_bufg_I_O)         0.026     0.884 r  clk_IBUF_BUFG_inst/O
                         net (fo=4337, routed)        0.591     1.474    clk_IBUF_BUFG
    SLICE_X2Y13          FDRE                                         r  rst_sync_reg[1]/C
  -------------------------------------------------------------------    -------------------
    SLICE_X2Y13          FDRE (Prop_fdre_C_Q)         0.164     1.638 f  rst_sync_reg[1]/Q
                         net (fo=4335, routed)        0.700     2.338    rst_sync[1]
    SLICE_X42Y25         FDCE                                         f  msg_mem_reg[188][6]/CLR
  -------------------------------------------------------------------    -------------------

                         (clock sys_clk_pin rise edge)
                                                      0.000     0.000 r  
    W5                                                0.000     0.000 r  clk (IN)
                         net (fo=0)                   0.000     0.000    clk
    W5                   IBUF (Prop_ibuf_I_O)         0.414     0.414 r  clk_IBUF_inst/O
                         net (fo=1, routed)           0.685     1.099    clk_IBUF
    BUFGCTRL_X0Y0        BUFG (Prop_bufg_I_O)         0.029     1.128 r  clk_IBUF_BUFG_inst/O
                         net (fo=4337, routed)        0.817     1.944    clk_IBUF_BUFG
    SLICE_X42Y25         FDCE                                         r  msg_mem_reg[188][6]/C
                         clock pessimism             -0.249     1.695    
    SLICE_X42Y25         FDCE (Remov_fdce_C_CLR)     -0.067     1.628    msg_mem_reg[188][6]
  -------------------------------------------------------------------
                         required time                         -1.628    
                         arrival time                           2.338    
  -------------------------------------------------------------------
                         slack                                  0.710    

Slack (MET) :             0.726ns  (arrival time - required time)
  Source:                 rst_sync_reg[1]/C
                            (rising edge-triggered cell FDRE clocked by sys_clk_pin  {rise@0.000ns fall@5.000ns period=10.000ns})
  Destination:            msg_mem_reg[58][1]/CLR
                            (removal check against rising-edge clock sys_clk_pin  {rise@0.000ns fall@5.000ns period=10.000ns})
  Path Group:             **async_default**
  Path Type:              Removal (Min at Fast Process Corner)
  Requirement:            0.000ns  (sys_clk_pin rise@0.000ns - sys_clk_pin rise@0.000ns)
  Data Path Delay:        0.894ns  (logic 0.164ns (18.335%)  route 0.730ns (81.665%))
  Logic Levels:           0  
  Clock Path Skew:        0.235ns (DCD - SCD - CPR)
    Destination Clock Delay (DCD):    1.958ns
    Source Clock Delay      (SCD):    1.474ns
    Clock Pessimism Removal (CPR):    0.249ns

    Location             Delay type                Incr(ns)  Path(ns)    Netlist Resource(s)
  -------------------------------------------------------------------    -------------------
                         (clock sys_clk_pin rise edge)
                                                      0.000     0.000 r  
    W5                                                0.000     0.000 r  clk (IN)
                         net (fo=0)                   0.000     0.000    clk
    W5                   IBUF (Prop_ibuf_I_O)         0.226     0.226 r  clk_IBUF_inst/O
                         net (fo=1, routed)           0.631     0.858    clk_IBUF
    BUFGCTRL_X0Y0        BUFG (Prop_bufg_I_O)         0.026     0.884 r  clk_IBUF_BUFG_inst/O
                         net (fo=4337, routed)        0.591     1.474    clk_IBUF_BUFG
    SLICE_X2Y13          FDRE                                         r  rst_sync_reg[1]/C
  -------------------------------------------------------------------    -------------------
    SLICE_X2Y13          FDRE (Prop_fdre_C_Q)         0.164     1.638 f  rst_sync_reg[1]/Q
                         net (fo=4335, routed)        0.730     2.369    rst_sync[1]
    SLICE_X38Y8          FDCE                                         f  msg_mem_reg[58][1]/CLR
  -------------------------------------------------------------------    -------------------

                         (clock sys_clk_pin rise edge)
                                                      0.000     0.000 r  
    W5                                                0.000     0.000 r  clk (IN)
                         net (fo=0)                   0.000     0.000    clk
    W5                   IBUF (Prop_ibuf_I_O)         0.414     0.414 r  clk_IBUF_inst/O
                         net (fo=1, routed)           0.685     1.099    clk_IBUF
    BUFGCTRL_X0Y0        BUFG (Prop_bufg_I_O)         0.029     1.128 r  clk_IBUF_BUFG_inst/O
                         net (fo=4337, routed)        0.831     1.958    clk_IBUF_BUFG
    SLICE_X38Y8          FDCE                                         r  msg_mem_reg[58][1]/C
                         clock pessimism             -0.249     1.709    
    SLICE_X38Y8          FDCE (Remov_fdce_C_CLR)     -0.067     1.642    msg_mem_reg[58][1]
  -------------------------------------------------------------------
                         required time                         -1.642    
                         arrival time                           2.369    
  -------------------------------------------------------------------
                         slack                                  0.726    

Slack (MET) :             0.726ns  (arrival time - required time)
  Source:                 rst_sync_reg[1]/C
                            (rising edge-triggered cell FDRE clocked by sys_clk_pin  {rise@0.000ns fall@5.000ns period=10.000ns})
  Destination:            msg_mem_reg[58][3]/CLR
                            (removal check against rising-edge clock sys_clk_pin  {rise@0.000ns fall@5.000ns period=10.000ns})
  Path Group:             **async_default**
  Path Type:              Removal (Min at Fast Process Corner)
  Requirement:            0.000ns  (sys_clk_pin rise@0.000ns - sys_clk_pin rise@0.000ns)
  Data Path Delay:        0.894ns  (logic 0.164ns (18.335%)  route 0.730ns (81.665%))
  Logic Levels:           0  
  Clock Path Skew:        0.235ns (DCD - SCD - CPR)
    Destination Clock Delay (DCD):    1.958ns
    Source Clock Delay      (SCD):    1.474ns
    Clock Pessimism Removal (CPR):    0.249ns

    Location             Delay type                Incr(ns)  Path(ns)    Netlist Resource(s)
  -------------------------------------------------------------------    -------------------
                         (clock sys_clk_pin rise edge)
                                                      0.000     0.000 r  
    W5                                                0.000     0.000 r  clk (IN)
                         net (fo=0)                   0.000     0.000    clk
    W5                   IBUF (Prop_ibuf_I_O)         0.226     0.226 r  clk_IBUF_inst/O
                         net (fo=1, routed)           0.631     0.858    clk_IBUF
    BUFGCTRL_X0Y0        BUFG (Prop_bufg_I_O)         0.026     0.884 r  clk_IBUF_BUFG_inst/O
                         net (fo=4337, routed)        0.591     1.474    clk_IBUF_BUFG
    SLICE_X2Y13          FDRE                                         r  rst_sync_reg[1]/C
  -------------------------------------------------------------------    -------------------
    SLICE_X2Y13          FDRE (Prop_fdre_C_Q)         0.164     1.638 f  rst_sync_reg[1]/Q
                         net (fo=4335, routed)        0.730     2.369    rst_sync[1]
    SLICE_X38Y8          FDCE                                         f  msg_mem_reg[58][3]/CLR
  -------------------------------------------------------------------    -------------------

                         (clock sys_clk_pin rise edge)
                                                      0.000     0.000 r  
    W5                                                0.000     0.000 r  clk (IN)
                         net (fo=0)                   0.000     0.000    clk
    W5                   IBUF (Prop_ibuf_I_O)         0.414     0.414 r  clk_IBUF_inst/O
                         net (fo=1, routed)           0.685     1.099    clk_IBUF
    BUFGCTRL_X0Y0        BUFG (Prop_bufg_I_O)         0.029     1.128 r  clk_IBUF_BUFG_inst/O
                         net (fo=4337, routed)        0.831     1.958    clk_IBUF_BUFG
    SLICE_X38Y8          FDCE                                         r  msg_mem_reg[58][3]/C
                         clock pessimism             -0.249     1.709    
    SLICE_X38Y8          FDCE (Remov_fdce_C_CLR)     -0.067     1.642    msg_mem_reg[58][3]
  -------------------------------------------------------------------
                         required time                         -1.642    
                         arrival time                           2.369    
  -------------------------------------------------------------------
                         slack                                  0.726    

Slack (MET) :             0.726ns  (arrival time - required time)
  Source:                 rst_sync_reg[1]/C
                            (rising edge-triggered cell FDRE clocked by sys_clk_pin  {rise@0.000ns fall@5.000ns period=10.000ns})
  Destination:            msg_mem_reg[58][4]/CLR
                            (removal check against rising-edge clock sys_clk_pin  {rise@0.000ns fall@5.000ns period=10.000ns})
  Path Group:             **async_default**
  Path Type:              Removal (Min at Fast Process Corner)
  Requirement:            0.000ns  (sys_clk_pin rise@0.000ns - sys_clk_pin rise@0.000ns)
  Data Path Delay:        0.894ns  (logic 0.164ns (18.335%)  route 0.730ns (81.665%))
  Logic Levels:           0  
  Clock Path Skew:        0.235ns (DCD - SCD - CPR)
    Destination Clock Delay (DCD):    1.958ns
    Source Clock Delay      (SCD):    1.474ns
    Clock Pessimism Removal (CPR):    0.249ns

    Location             Delay type                Incr(ns)  Path(ns)    Netlist Resource(s)
  -------------------------------------------------------------------    -------------------
                         (clock sys_clk_pin rise edge)
                                                      0.000     0.000 r  
    W5                                                0.000     0.000 r  clk (IN)
                         net (fo=0)                   0.000     0.000    clk
    W5                   IBUF (Prop_ibuf_I_O)         0.226     0.226 r  clk_IBUF_inst/O
                         net (fo=1, routed)           0.631     0.858    clk_IBUF
    BUFGCTRL_X0Y0        BUFG (Prop_bufg_I_O)         0.026     0.884 r  clk_IBUF_BUFG_inst/O
                         net (fo=4337, routed)        0.591     1.474    clk_IBUF_BUFG
    SLICE_X2Y13          FDRE                                         r  rst_sync_reg[1]/C
  -------------------------------------------------------------------    -------------------
    SLICE_X2Y13          FDRE (Prop_fdre_C_Q)         0.164     1.638 f  rst_sync_reg[1]/Q
                         net (fo=4335, routed)        0.730     2.369    rst_sync[1]
    SLICE_X38Y8          FDCE                                         f  msg_mem_reg[58][4]/CLR
  -------------------------------------------------------------------    -------------------

                         (clock sys_clk_pin rise edge)
                                                      0.000     0.000 r  
    W5                                                0.000     0.000 r  clk (IN)
                         net (fo=0)                   0.000     0.000    clk
    W5                   IBUF (Prop_ibuf_I_O)         0.414     0.414 r  clk_IBUF_inst/O
                         net (fo=1, routed)           0.685     1.099    clk_IBUF
    BUFGCTRL_X0Y0        BUFG (Prop_bufg_I_O)         0.029     1.128 r  clk_IBUF_BUFG_inst/O
                         net (fo=4337, routed)        0.831     1.958    clk_IBUF_BUFG
    SLICE_X38Y8          FDCE                                         r  msg_mem_reg[58][4]/C
                         clock pessimism             -0.249     1.709    
    SLICE_X38Y8          FDCE (Remov_fdce_C_CLR)     -0.067     1.642    msg_mem_reg[58][4]
  -------------------------------------------------------------------
                         required time                         -1.642    
                         arrival time                           2.369    
  -------------------------------------------------------------------
                         slack                                  0.726    

Slack (MET) :             0.726ns  (arrival time - required time)
  Source:                 rst_sync_reg[1]/C
                            (rising edge-triggered cell FDRE clocked by sys_clk_pin  {rise@0.000ns fall@5.000ns period=10.000ns})
  Destination:            msg_mem_reg[58][5]/CLR
                            (removal check against rising-edge clock sys_clk_pin  {rise@0.000ns fall@5.000ns period=10.000ns})
  Path Group:             **async_default**
  Path Type:              Removal (Min at Fast Process Corner)
  Requirement:            0.000ns  (sys_clk_pin rise@0.000ns - sys_clk_pin rise@0.000ns)
  Data Path Delay:        0.894ns  (logic 0.164ns (18.335%)  route 0.730ns (81.665%))
  Logic Levels:           0  
  Clock Path Skew:        0.235ns (DCD - SCD - CPR)
    Destination Clock Delay (DCD):    1.958ns
    Source Clock Delay      (SCD):    1.474ns
    Clock Pessimism Removal (CPR):    0.249ns

    Location             Delay type                Incr(ns)  Path(ns)    Netlist Resource(s)
  -------------------------------------------------------------------    -------------------
                         (clock sys_clk_pin rise edge)
                                                      0.000     0.000 r  
    W5                                                0.000     0.000 r  clk (IN)
                         net (fo=0)                   0.000     0.000    clk
    W5                   IBUF (Prop_ibuf_I_O)         0.226     0.226 r  clk_IBUF_inst/O
                         net (fo=1, routed)           0.631     0.858    clk_IBUF
    BUFGCTRL_X0Y0        BUFG (Prop_bufg_I_O)         0.026     0.884 r  clk_IBUF_BUFG_inst/O
                         net (fo=4337, routed)        0.591     1.474    clk_IBUF_BUFG
    SLICE_X2Y13          FDRE                                         r  rst_sync_reg[1]/C
  -------------------------------------------------------------------    -------------------
    SLICE_X2Y13          FDRE (Prop_fdre_C_Q)         0.164     1.638 f  rst_sync_reg[1]/Q
                         net (fo=4335, routed)        0.730     2.369    rst_sync[1]
    SLICE_X38Y8          FDCE                                         f  msg_mem_reg[58][5]/CLR
  -------------------------------------------------------------------    -------------------

                         (clock sys_clk_pin rise edge)
                                                      0.000     0.000 r  
    W5                                                0.000     0.000 r  clk (IN)
                         net (fo=0)                   0.000     0.000    clk
    W5                   IBUF (Prop_ibuf_I_O)         0.414     0.414 r  clk_IBUF_inst/O
                         net (fo=1, routed)           0.685     1.099    clk_IBUF
    BUFGCTRL_X0Y0        BUFG (Prop_bufg_I_O)         0.029     1.128 r  clk_IBUF_BUFG_inst/O
                         net (fo=4337, routed)        0.831     1.958    clk_IBUF_BUFG
    SLICE_X38Y8          FDCE                                         r  msg_mem_reg[58][5]/C
                         clock pessimism             -0.249     1.709    
    SLICE_X38Y8          FDCE (Remov_fdce_C_CLR)     -0.067     1.642    msg_mem_reg[58][5]
  -------------------------------------------------------------------
                         required time                         -1.642    
                         arrival time                           2.369    
  -------------------------------------------------------------------
                         slack                                  0.726    

Slack (MET) :             0.726ns  (arrival time - required time)
  Source:                 rst_sync_reg[1]/C
                            (rising edge-triggered cell FDRE clocked by sys_clk_pin  {rise@0.000ns fall@5.000ns period=10.000ns})
  Destination:            msg_mem_reg[58][6]/CLR
                            (removal check against rising-edge clock sys_clk_pin  {rise@0.000ns fall@5.000ns period=10.000ns})
  Path Group:             **async_default**
  Path Type:              Removal (Min at Fast Process Corner)
  Requirement:            0.000ns  (sys_clk_pin rise@0.000ns - sys_clk_pin rise@0.000ns)
  Data Path Delay:        0.894ns  (logic 0.164ns (18.335%)  route 0.730ns (81.665%))
  Logic Levels:           0  
  Clock Path Skew:        0.235ns (DCD - SCD - CPR)
    Destination Clock Delay (DCD):    1.958ns
    Source Clock Delay      (SCD):    1.474ns
    Clock Pessimism Removal (CPR):    0.249ns

    Location             Delay type                Incr(ns)  Path(ns)    Netlist Resource(s)
  -------------------------------------------------------------------    -------------------
                         (clock sys_clk_pin rise edge)
                                                      0.000     0.000 r  
    W5                                                0.000     0.000 r  clk (IN)
                         net (fo=0)                   0.000     0.000    clk
    W5                   IBUF (Prop_ibuf_I_O)         0.226     0.226 r  clk_IBUF_inst/O
                         net (fo=1, routed)           0.631     0.858    clk_IBUF
    BUFGCTRL_X0Y0        BUFG (Prop_bufg_I_O)         0.026     0.884 r  clk_IBUF_BUFG_inst/O
                         net (fo=4337, routed)        0.591     1.474    clk_IBUF_BUFG
    SLICE_X2Y13          FDRE                                         r  rst_sync_reg[1]/C
  -------------------------------------------------------------------    -------------------
    SLICE_X2Y13          FDRE (Prop_fdre_C_Q)         0.164     1.638 f  rst_sync_reg[1]/Q
                         net (fo=4335, routed)        0.730     2.369    rst_sync[1]
    SLICE_X38Y8          FDCE                                         f  msg_mem_reg[58][6]/CLR
  -------------------------------------------------------------------    -------------------

                         (clock sys_clk_pin rise edge)
                                                      0.000     0.000 r  
    W5                                                0.000     0.000 r  clk (IN)
                         net (fo=0)                   0.000     0.000    clk
    W5                   IBUF (Prop_ibuf_I_O)         0.414     0.414 r  clk_IBUF_inst/O
                         net (fo=1, routed)           0.685     1.099    clk_IBUF
    BUFGCTRL_X0Y0        BUFG (Prop_bufg_I_O)         0.029     1.128 r  clk_IBUF_BUFG_inst/O
                         net (fo=4337, routed)        0.831     1.958    clk_IBUF_BUFG
    SLICE_X38Y8          FDCE                                         r  msg_mem_reg[58][6]/C
                         clock pessimism             -0.249     1.709    
    SLICE_X38Y8          FDCE (Remov_fdce_C_CLR)     -0.067     1.642    msg_mem_reg[58][6]
  -------------------------------------------------------------------
                         required time                         -1.642    
                         arrival time                           2.369    
  -------------------------------------------------------------------
                         slack                                  0.726    

Slack (MET) :             0.732ns  (arrival time - required time)
  Source:                 rst_sync_reg[1]/C
                            (rising edge-triggered cell FDRE clocked by sys_clk_pin  {rise@0.000ns fall@5.000ns period=10.000ns})
  Destination:            msg_mem_reg[150][3]/CLR
                            (removal check against rising-edge clock sys_clk_pin  {rise@0.000ns fall@5.000ns period=10.000ns})
  Path Group:             **async_default**
  Path Type:              Removal (Min at Fast Process Corner)
  Requirement:            0.000ns  (sys_clk_pin rise@0.000ns - sys_clk_pin rise@0.000ns)
  Data Path Delay:        0.643ns  (logic 0.164ns (25.498%)  route 0.479ns (74.502%))
  Logic Levels:           0  
  Clock Path Skew:        0.003ns (DCD - SCD - CPR)
    Destination Clock Delay (DCD):    1.955ns
    Source Clock Delay      (SCD):    1.474ns
    Clock Pessimism Removal (CPR):    0.478ns

    Location             Delay type                Incr(ns)  Path(ns)    Netlist Resource(s)
  -------------------------------------------------------------------    -------------------
                         (clock sys_clk_pin rise edge)
                                                      0.000     0.000 r  
    W5                                                0.000     0.000 r  clk (IN)
                         net (fo=0)                   0.000     0.000    clk
    W5                   IBUF (Prop_ibuf_I_O)         0.226     0.226 r  clk_IBUF_inst/O
                         net (fo=1, routed)           0.631     0.858    clk_IBUF
    BUFGCTRL_X0Y0        BUFG (Prop_bufg_I_O)         0.026     0.884 r  clk_IBUF_BUFG_inst/O
                         net (fo=4337, routed)        0.591     1.474    clk_IBUF_BUFG
    SLICE_X2Y13          FDRE                                         r  rst_sync_reg[1]/C
  -------------------------------------------------------------------    -------------------
    SLICE_X2Y13          FDRE (Prop_fdre_C_Q)         0.164     1.638 f  rst_sync_reg[1]/Q
                         net (fo=4335, routed)        0.479     2.117    rst_sync[1]
    SLICE_X15Y17         FDCE                                         f  msg_mem_reg[150][3]/CLR
  -------------------------------------------------------------------    -------------------

                         (clock sys_clk_pin rise edge)
                                                      0.000     0.000 r  
    W5                                                0.000     0.000 r  clk (IN)
                         net (fo=0)                   0.000     0.000    clk
    W5                   IBUF (Prop_ibuf_I_O)         0.414     0.414 r  clk_IBUF_inst/O
                         net (fo=1, routed)           0.685     1.099    clk_IBUF
    BUFGCTRL_X0Y0        BUFG (Prop_bufg_I_O)         0.029     1.128 r  clk_IBUF_BUFG_inst/O
                         net (fo=4337, routed)        0.828     1.955    clk_IBUF_BUFG
    SLICE_X15Y17         FDCE                                         r  msg_mem_reg[150][3]/C
                         clock pessimism             -0.478     1.477    
    SLICE_X15Y17         FDCE (Remov_fdce_C_CLR)     -0.092     1.385    msg_mem_reg[150][3]
  -------------------------------------------------------------------
                         required time                         -1.385    
                         arrival time                           2.117    
  -------------------------------------------------------------------
                         slack                                  0.732    





--------------------------------------------------------------------------------------
Path Group:  (none)
From Clock:  sys_clk_pin
  To Clock:  

Max Delay             4 Endpoints
Min Delay             4 Endpoints
--------------------------------------------------------------------------------------


Max Delay Paths
--------------------------------------------------------------------------------------
Slack:                    inf
  Source:                 u_uart_tx/FSM_sequential_current_state_reg[1]/C
                            (rising edge-triggered cell FDCE clocked by sys_clk_pin  {rise@0.000ns fall@5.000ns period=10.000ns})
  Destination:            RsTx
                            (output port)
  Path Group:             (none)
  Path Type:              Max at Slow Process Corner
  Data Path Delay:        10.221ns  (logic 4.291ns (41.979%)  route 5.930ns (58.021%))
  Logic Levels:           2  (LUT3=1 OBUF=1)
  Clock Uncertainty:      0.025ns  ((TSJ^2 + TIJ^2)^1/2 + DJ) / 2 + PE
    Total System Jitter     (TSJ):    0.050ns
    Total Input Jitter      (TIJ):    0.000ns
    Discrete Jitter          (DJ):    0.000ns
    Phase Error              (PE):    0.000ns

    Location             Delay type                Incr(ns)  Path(ns)    Netlist Resource(s)
  -------------------------------------------------------------------    -------------------
                         (clock sys_clk_pin rise edge)
                                                      0.000     0.000 r  
    W5                                                0.000     0.000 r  clk (IN)
                         net (fo=0)                   0.000     0.000    clk
    W5                   IBUF (Prop_ibuf_I_O)         1.458     1.458 r  clk_IBUF_inst/O
                         net (fo=1, routed)           1.967     3.425    clk_IBUF
    BUFGCTRL_X0Y0        BUFG (Prop_bufg_I_O)         0.096     3.521 r  clk_IBUF_BUFG_inst/O
                         net (fo=4337, routed)        1.545     5.066    u_uart_tx/clk_IBUF_BUFG
    SLICE_X30Y25         FDCE                                         r  u_uart_tx/FSM_sequential_current_state_reg[1]/C
  -------------------------------------------------------------------    -------------------
    SLICE_X30Y25         FDCE (Prop_fdce_C_Q)         0.478     5.544 r  u_uart_tx/FSM_sequential_current_state_reg[1]/Q
                         net (fo=19, routed)          1.026     6.570    u_uart_tx/current_state[1]
    SLICE_X31Y28         LUT3 (Prop_lut3_I2_O)        0.295     6.865 r  u_uart_tx/RsTx_OBUF_inst_i_1/O
                         net (fo=1, routed)           4.905    11.770    RsTx_OBUF
    A18                  OBUF (Prop_obuf_I_O)         3.518    15.287 r  RsTx_OBUF_inst/O
                         net (fo=0)                   0.000    15.287    RsTx
    A18                                                               r  RsTx (OUT)
  -------------------------------------------------------------------    -------------------

Slack:                    inf
  Source:                 FSM_sequential_current_state_reg[0]/C
                            (rising edge-triggered cell FDPE clocked by sys_clk_pin  {rise@0.000ns fall@5.000ns period=10.000ns})
  Destination:            led[2]
                            (output port)
  Path Group:             (none)
  Path Type:              Max at Slow Process Corner
  Data Path Delay:        9.801ns  (logic 4.317ns (44.045%)  route 5.484ns (55.955%))
  Logic Levels:           2  (LUT4=1 OBUF=1)
  Clock Uncertainty:      0.025ns  ((TSJ^2 + TIJ^2)^1/2 + DJ) / 2 + PE
    Total System Jitter     (TSJ):    0.050ns
    Total Input Jitter      (TIJ):    0.000ns
    Discrete Jitter          (DJ):    0.000ns
    Phase Error              (PE):    0.000ns

    Location             Delay type                Incr(ns)  Path(ns)    Netlist Resource(s)
  -------------------------------------------------------------------    -------------------
                         (clock sys_clk_pin rise edge)
                                                      0.000     0.000 r  
    W5                                                0.000     0.000 r  clk (IN)
                         net (fo=0)                   0.000     0.000    clk
    W5                   IBUF (Prop_ibuf_I_O)         1.458     1.458 r  clk_IBUF_inst/O
                         net (fo=1, routed)           1.967     3.425    clk_IBUF
    BUFGCTRL_X0Y0        BUFG (Prop_bufg_I_O)         0.096     3.521 r  clk_IBUF_BUFG_inst/O
                         net (fo=4337, routed)        1.549     5.070    clk_IBUF_BUFG
    SLICE_X40Y27         FDPE                                         r  FSM_sequential_current_state_reg[0]/C
  -------------------------------------------------------------------    -------------------
    SLICE_X40Y27         FDPE (Prop_fdpe_C_Q)         0.456     5.526 r  FSM_sequential_current_state_reg[0]/Q
                         net (fo=84, routed)          2.525     8.051    current_state[0]
    SLICE_X32Y23         LUT4 (Prop_lut4_I0_O)        0.152     8.203 r  led_OBUF[2]_inst_i_1/O
                         net (fo=2, routed)           2.959    11.162    led_OBUF[2]
    U19                  OBUF (Prop_obuf_I_O)         3.709    14.871 r  led_OBUF[2]_inst/O
                         net (fo=0)                   0.000    14.871    led[2]
    U19                                                               r  led[2] (OUT)
  -------------------------------------------------------------------    -------------------

Slack:                    inf
  Source:                 FSM_sequential_current_state_reg[0]/C
                            (rising edge-triggered cell FDPE clocked by sys_clk_pin  {rise@0.000ns fall@5.000ns period=10.000ns})
  Destination:            led[0]
                            (output port)
  Path Group:             (none)
  Path Type:              Max at Slow Process Corner
  Data Path Delay:        9.759ns  (logic 4.315ns (44.211%)  route 5.445ns (55.789%))
  Logic Levels:           2  (LUT3=1 OBUF=1)
  Clock Uncertainty:      0.025ns  ((TSJ^2 + TIJ^2)^1/2 + DJ) / 2 + PE
    Total System Jitter     (TSJ):    0.050ns
    Total Input Jitter      (TIJ):    0.000ns
    Discrete Jitter          (DJ):    0.000ns
    Phase Error              (PE):    0.000ns

    Location             Delay type                Incr(ns)  Path(ns)    Netlist Resource(s)
  -------------------------------------------------------------------    -------------------
                         (clock sys_clk_pin rise edge)
                                                      0.000     0.000 r  
    W5                                                0.000     0.000 r  clk (IN)
                         net (fo=0)                   0.000     0.000    clk
    W5                   IBUF (Prop_ibuf_I_O)         1.458     1.458 r  clk_IBUF_inst/O
                         net (fo=1, routed)           1.967     3.425    clk_IBUF
    BUFGCTRL_X0Y0        BUFG (Prop_bufg_I_O)         0.096     3.521 r  clk_IBUF_BUFG_inst/O
                         net (fo=4337, routed)        1.549     5.070    clk_IBUF_BUFG
    SLICE_X40Y27         FDPE                                         r  FSM_sequential_current_state_reg[0]/C
  -------------------------------------------------------------------    -------------------
    SLICE_X40Y27         FDPE (Prop_fdpe_C_Q)         0.456     5.526 f  FSM_sequential_current_state_reg[0]/Q
                         net (fo=84, routed)          2.532     8.058    current_state[0]
    SLICE_X32Y23         LUT3 (Prop_lut3_I1_O)        0.152     8.210 r  led_OBUF[0]_inst_i_1/O
                         net (fo=1, routed)           2.913    11.123    led_OBUF[0]
    U16                  OBUF (Prop_obuf_I_O)         3.707    14.830 r  led_OBUF[0]_inst/O
                         net (fo=0)                   0.000    14.830    led[0]
    U16                                                               r  led[0] (OUT)
  -------------------------------------------------------------------    -------------------

Slack:                    inf
  Source:                 FSM_sequential_current_state_reg[0]/C
                            (rising edge-triggered cell FDPE clocked by sys_clk_pin  {rise@0.000ns fall@5.000ns period=10.000ns})
  Destination:            led[1]
                            (output port)
  Path Group:             (none)
  Path Type:              Max at Slow Process Corner
  Data Path Delay:        9.555ns  (logic 4.110ns (43.012%)  route 5.445ns (56.988%))
  Logic Levels:           2  (LUT4=1 OBUF=1)
  Clock Uncertainty:      0.025ns  ((TSJ^2 + TIJ^2)^1/2 + DJ) / 2 + PE
    Total System Jitter     (TSJ):    0.050ns
    Total Input Jitter      (TIJ):    0.000ns
    Discrete Jitter          (DJ):    0.000ns
    Phase Error              (PE):    0.000ns

    Location             Delay type                Incr(ns)  Path(ns)    Netlist Resource(s)
  -------------------------------------------------------------------    -------------------
                         (clock sys_clk_pin rise edge)
                                                      0.000     0.000 r  
    W5                                                0.000     0.000 r  clk (IN)
                         net (fo=0)                   0.000     0.000    clk
    W5                   IBUF (Prop_ibuf_I_O)         1.458     1.458 r  clk_IBUF_inst/O
                         net (fo=1, routed)           1.967     3.425    clk_IBUF
    BUFGCTRL_X0Y0        BUFG (Prop_bufg_I_O)         0.096     3.521 r  clk_IBUF_BUFG_inst/O
                         net (fo=4337, routed)        1.549     5.070    clk_IBUF_BUFG
    SLICE_X40Y27         FDPE                                         r  FSM_sequential_current_state_reg[0]/C
  -------------------------------------------------------------------    -------------------
    SLICE_X40Y27         FDPE (Prop_fdpe_C_Q)         0.456     5.526 r  FSM_sequential_current_state_reg[0]/Q
                         net (fo=84, routed)          2.532     8.058    current_state[0]
    SLICE_X32Y23         LUT4 (Prop_lut4_I1_O)        0.124     8.182 r  led_OBUF[1]_inst_i_1/O
                         net (fo=1, routed)           2.913    11.095    led_OBUF[1]
    E19                  OBUF (Prop_obuf_I_O)         3.530    14.625 r  led_OBUF[1]_inst/O
                         net (fo=0)                   0.000    14.625    led[1]
    E19                                                               r  led[1] (OUT)
  -------------------------------------------------------------------    -------------------





Min Delay Paths
--------------------------------------------------------------------------------------
Slack:                    inf
  Source:                 FSM_sequential_current_state_reg[1]/C
                            (rising edge-triggered cell FDCE clocked by sys_clk_pin  {rise@0.000ns fall@5.000ns period=10.000ns})
  Destination:            led[2]
                            (output port)
  Path Group:             (none)
  Path Type:              Min at Fast Process Corner
  Data Path Delay:        3.144ns  (logic 1.455ns (46.284%)  route 1.689ns (53.716%))
  Logic Levels:           2  (LUT4=1 OBUF=1)
  Clock Uncertainty:      0.025ns  ((TSJ^2 + TIJ^2)^1/2 + DJ) / 2 + PE
    Total System Jitter     (TSJ):    0.050ns
    Total Input Jitter      (TIJ):    0.000ns
    Discrete Jitter          (DJ):    0.000ns
    Phase Error              (PE):    0.000ns

    Location             Delay type                Incr(ns)  Path(ns)    Netlist Resource(s)
  -------------------------------------------------------------------    -------------------
                         (clock sys_clk_pin rise edge)
                                                      0.000     0.000 r  
    W5                                                0.000     0.000 r  clk (IN)
                         net (fo=0)                   0.000     0.000    clk
    W5                   IBUF (Prop_ibuf_I_O)         0.226     0.226 r  clk_IBUF_inst/O
                         net (fo=1, routed)           0.631     0.858    clk_IBUF
    BUFGCTRL_X0Y0        BUFG (Prop_bufg_I_O)         0.026     0.884 r  clk_IBUF_BUFG_inst/O
                         net (fo=4337, routed)        0.551     1.434    clk_IBUF_BUFG
    SLICE_X40Y26         FDCE                                         r  FSM_sequential_current_state_reg[1]/C
  -------------------------------------------------------------------    -------------------
    SLICE_X40Y26         FDCE (Prop_fdce_C_Q)         0.141     1.575 r  FSM_sequential_current_state_reg[1]/Q
                         net (fo=98, routed)          0.680     2.255    current_state[1]
    SLICE_X32Y23         LUT4 (Prop_lut4_I1_O)        0.045     2.300 r  led_OBUF[2]_inst_i_1/O
                         net (fo=2, routed)           1.008     3.309    led_OBUF[2]
    U19                  OBUF (Prop_obuf_I_O)         1.269     4.578 r  led_OBUF[2]_inst/O
                         net (fo=0)                   0.000     4.578    led[2]
    U19                                                               r  led[2] (OUT)
  -------------------------------------------------------------------    -------------------

Slack:                    inf
  Source:                 FSM_sequential_current_state_reg[1]/C
                            (rising edge-triggered cell FDCE clocked by sys_clk_pin  {rise@0.000ns fall@5.000ns period=10.000ns})
  Destination:            led[1]
                            (output port)
  Path Group:             (none)
  Path Type:              Min at Fast Process Corner
  Data Path Delay:        3.172ns  (logic 1.417ns (44.655%)  route 1.756ns (55.345%))
  Logic Levels:           2  (LUT4=1 OBUF=1)
  Clock Uncertainty:      0.025ns  ((TSJ^2 + TIJ^2)^1/2 + DJ) / 2 + PE
    Total System Jitter     (TSJ):    0.050ns
    Total Input Jitter      (TIJ):    0.000ns
    Discrete Jitter          (DJ):    0.000ns
    Phase Error              (PE):    0.000ns

    Location             Delay type                Incr(ns)  Path(ns)    Netlist Resource(s)
  -------------------------------------------------------------------    -------------------
                         (clock sys_clk_pin rise edge)
                                                      0.000     0.000 r  
    W5                                                0.000     0.000 r  clk (IN)
                         net (fo=0)                   0.000     0.000    clk
    W5                   IBUF (Prop_ibuf_I_O)         0.226     0.226 r  clk_IBUF_inst/O
                         net (fo=1, routed)           0.631     0.858    clk_IBUF
    BUFGCTRL_X0Y0        BUFG (Prop_bufg_I_O)         0.026     0.884 r  clk_IBUF_BUFG_inst/O
                         net (fo=4337, routed)        0.551     1.434    clk_IBUF_BUFG
    SLICE_X40Y26         FDCE                                         r  FSM_sequential_current_state_reg[1]/C
  -------------------------------------------------------------------    -------------------
    SLICE_X40Y26         FDCE (Prop_fdce_C_Q)         0.141     1.575 r  FSM_sequential_current_state_reg[1]/Q
                         net (fo=98, routed)          0.762     2.337    current_state[1]
    SLICE_X32Y23         LUT4 (Prop_lut4_I2_O)        0.045     2.382 r  led_OBUF[1]_inst_i_1/O
                         net (fo=1, routed)           0.994     3.376    led_OBUF[1]
    E19                  OBUF (Prop_obuf_I_O)         1.231     4.606 r  led_OBUF[1]_inst/O
                         net (fo=0)                   0.000     4.606    led[1]
    E19                                                               r  led[1] (OUT)
  -------------------------------------------------------------------    -------------------

Slack:                    inf
  Source:                 FSM_sequential_current_state_reg[1]/C
                            (rising edge-triggered cell FDCE clocked by sys_clk_pin  {rise@0.000ns fall@5.000ns period=10.000ns})
  Destination:            led[0]
                            (output port)
  Path Group:             (none)
  Path Type:              Min at Fast Process Corner
  Data Path Delay:        3.201ns  (logic 1.455ns (45.449%)  route 1.746ns (54.551%))
  Logic Levels:           2  (LUT3=1 OBUF=1)
  Clock Uncertainty:      0.025ns  ((TSJ^2 + TIJ^2)^1/2 + DJ) / 2 + PE
    Total System Jitter     (TSJ):    0.050ns
    Total Input Jitter      (TIJ):    0.000ns
    Discrete Jitter          (DJ):    0.000ns
    Phase Error              (PE):    0.000ns

    Location             Delay type                Incr(ns)  Path(ns)    Netlist Resource(s)
  -------------------------------------------------------------------    -------------------
                         (clock sys_clk_pin rise edge)
                                                      0.000     0.000 r  
    W5                                                0.000     0.000 r  clk (IN)
                         net (fo=0)                   0.000     0.000    clk
    W5                   IBUF (Prop_ibuf_I_O)         0.226     0.226 r  clk_IBUF_inst/O
                         net (fo=1, routed)           0.631     0.858    clk_IBUF
    BUFGCTRL_X0Y0        BUFG (Prop_bufg_I_O)         0.026     0.884 r  clk_IBUF_BUFG_inst/O
                         net (fo=4337, routed)        0.551     1.434    clk_IBUF_BUFG
    SLICE_X40Y26         FDCE                                         r  FSM_sequential_current_state_reg[1]/C
  -------------------------------------------------------------------    -------------------
    SLICE_X40Y26         FDCE (Prop_fdce_C_Q)         0.141     1.575 r  FSM_sequential_current_state_reg[1]/Q
                         net (fo=98, routed)          0.762     2.337    current_state[1]
    SLICE_X32Y23         LUT3 (Prop_lut3_I0_O)        0.046     2.383 r  led_OBUF[0]_inst_i_1/O
                         net (fo=1, routed)           0.985     3.367    led_OBUF[0]
    U16                  OBUF (Prop_obuf_I_O)         1.268     4.635 r  led_OBUF[0]_inst/O
                         net (fo=0)                   0.000     4.635    led[0]
    U16                                                               r  led[0] (OUT)
  -------------------------------------------------------------------    -------------------

Slack:                    inf
  Source:                 u_uart_tx/FSM_sequential_current_state_reg[0]/C
                            (rising edge-triggered cell FDCE clocked by sys_clk_pin  {rise@0.000ns fall@5.000ns period=10.000ns})
  Destination:            RsTx
                            (output port)
  Path Group:             (none)
  Path Type:              Min at Fast Process Corner
  Data Path Delay:        3.538ns  (logic 1.428ns (40.355%)  route 2.110ns (59.645%))
  Logic Levels:           2  (LUT3=1 OBUF=1)
  Clock Uncertainty:      0.025ns  ((TSJ^2 + TIJ^2)^1/2 + DJ) / 2 + PE
    Total System Jitter     (TSJ):    0.050ns
    Total Input Jitter      (TIJ):    0.000ns
    Discrete Jitter          (DJ):    0.000ns
    Phase Error              (PE):    0.000ns

    Location             Delay type                Incr(ns)  Path(ns)    Netlist Resource(s)
  -------------------------------------------------------------------    -------------------
                         (clock sys_clk_pin rise edge)
                                                      0.000     0.000 r  
    W5                                                0.000     0.000 r  clk (IN)
                         net (fo=0)                   0.000     0.000    clk
    W5                   IBUF (Prop_ibuf_I_O)         0.226     0.226 r  clk_IBUF_inst/O
                         net (fo=1, routed)           0.631     0.858    clk_IBUF
    BUFGCTRL_X0Y0        BUFG (Prop_bufg_I_O)         0.026     0.884 r  clk_IBUF_BUFG_inst/O
                         net (fo=4337, routed)        0.550     1.433    u_uart_tx/clk_IBUF_BUFG
    SLICE_X30Y25         FDCE                                         r  u_uart_tx/FSM_sequential_current_state_reg[0]/C
  -------------------------------------------------------------------    -------------------
    SLICE_X30Y25         FDCE (Prop_fdce_C_Q)         0.164     1.597 r  u_uart_tx/FSM_sequential_current_state_reg[0]/Q
                         net (fo=11, routed)          0.256     1.853    u_uart_tx/current_state[0]
    SLICE_X31Y28         LUT3 (Prop_lut3_I0_O)        0.045     1.898 r  u_uart_tx/RsTx_OBUF_inst_i_1/O
                         net (fo=1, routed)           1.855     3.752    RsTx_OBUF
    A18                  OBUF (Prop_obuf_I_O)         1.219     4.971 r  RsTx_OBUF_inst/O
                         net (fo=0)                   0.000     4.971    RsTx
    A18                                                               r  RsTx (OUT)
  -------------------------------------------------------------------    -------------------





--------------------------------------------------------------------------------------
Path Group:  (none)
From Clock:  
  To Clock:  sys_clk_pin

Max Delay             3 Endpoints
Min Delay             3 Endpoints
--------------------------------------------------------------------------------------


Max Delay Paths
--------------------------------------------------------------------------------------
Slack:                    inf
  Source:                 RsRx
                            (input port)
  Destination:            u_uart_rx/FSM_sequential_current_state_reg[0]/D
                            (rising edge-triggered cell FDCE clocked by sys_clk_pin  {rise@0.000ns fall@5.000ns period=10.000ns})
  Path Group:             (none)
  Path Type:              Setup (Max at Slow Process Corner)
  Data Path Delay:        6.247ns  (logic 1.580ns (25.296%)  route 4.667ns (74.704%))
  Logic Levels:           2  (IBUF=1 LUT4=1)
  Clock Path Skew:        4.786ns (DCD - SCD + CPR)
    Destination Clock Delay (DCD):    4.786ns
    Source Clock Delay      (SCD):    0.000ns
    Clock Pessimism Removal (CPR):    0.000ns
  Clock Uncertainty:      0.025ns  ((TSJ^2 + TIJ^2)^1/2 + DJ) / 2 + PE
    Total System Jitter     (TSJ):    0.050ns
    Total Input Jitter      (TIJ):    0.000ns
    Discrete Jitter          (DJ):    0.000ns
    Phase Error              (PE):    0.000ns

    Location             Delay type                Incr(ns)  Path(ns)    Netlist Resource(s)
  -------------------------------------------------------------------    -------------------
    B18                                               0.000     0.000 f  RsRx (IN)
                         net (fo=0)                   0.000     0.000    RsRx
    B18                  IBUF (Prop_ibuf_I_O)         1.456     1.456 f  RsRx_IBUF_inst/O
                         net (fo=2, routed)           4.667     6.123    u_uart_rx/baud_rate_generator/FSM_sequential_current_state_reg[0]_2[0]
    SLICE_X33Y3          LUT4 (Prop_lut4_I0_O)        0.124     6.247 r  u_uart_rx/baud_rate_generator/FSM_sequential_current_state[0]_i_1/O
                         net (fo=1, routed)           0.000     6.247    u_uart_rx/baud_rate_generator_n_275
    SLICE_X33Y3          FDCE                                         r  u_uart_rx/FSM_sequential_current_state_reg[0]/D
  -------------------------------------------------------------------    -------------------

                         (clock sys_clk_pin rise edge)
                                                      0.000     0.000 r  
    W5                                                0.000     0.000 r  clk (IN)
                         net (fo=0)                   0.000     0.000    clk
    W5                   IBUF (Prop_ibuf_I_O)         1.388     1.388 r  clk_IBUF_inst/O
                         net (fo=1, routed)           1.862     3.250    clk_IBUF
    BUFGCTRL_X0Y0        BUFG (Prop_bufg_I_O)         0.091     3.341 r  clk_IBUF_BUFG_inst/O
                         net (fo=4337, routed)        1.445     4.786    u_uart_rx/clk_IBUF_BUFG
    SLICE_X33Y3          FDCE                                         r  u_uart_rx/FSM_sequential_current_state_reg[0]/C

Slack:                    inf
  Source:                 RsRx
                            (input port)
  Destination:            u_uart_rx/data_reg_reg[7]/D
                            (rising edge-triggered cell FDCE clocked by sys_clk_pin  {rise@0.000ns fall@5.000ns period=10.000ns})
  Path Group:             (none)
  Path Type:              Setup (Max at Slow Process Corner)
  Data Path Delay:        5.900ns  (logic 1.456ns (24.682%)  route 4.444ns (75.318%))
  Logic Levels:           1  (IBUF=1)
  Clock Path Skew:        4.785ns (DCD - SCD + CPR)
    Destination Clock Delay (DCD):    4.785ns
    Source Clock Delay      (SCD):    0.000ns
    Clock Pessimism Removal (CPR):    0.000ns
  Clock Uncertainty:      0.025ns  ((TSJ^2 + TIJ^2)^1/2 + DJ) / 2 + PE
    Total System Jitter     (TSJ):    0.050ns
    Total Input Jitter      (TIJ):    0.000ns
    Discrete Jitter          (DJ):    0.000ns
    Phase Error              (PE):    0.000ns

    Location             Delay type                Incr(ns)  Path(ns)    Netlist Resource(s)
  -------------------------------------------------------------------    -------------------
    B18                                               0.000     0.000 r  RsRx (IN)
                         net (fo=0)                   0.000     0.000    RsRx
    B18                  IBUF (Prop_ibuf_I_O)         1.456     1.456 r  RsRx_IBUF_inst/O
                         net (fo=2, routed)           4.444     5.900    u_uart_rx/data_reg_reg[7]_0[0]
    SLICE_X33Y7          FDCE                                         r  u_uart_rx/data_reg_reg[7]/D
  -------------------------------------------------------------------    -------------------

                         (clock sys_clk_pin rise edge)
                                                      0.000     0.000 r  
    W5                                                0.000     0.000 r  clk (IN)
                         net (fo=0)                   0.000     0.000    clk
    W5                   IBUF (Prop_ibuf_I_O)         1.388     1.388 r  clk_IBUF_inst/O
                         net (fo=1, routed)           1.862     3.250    clk_IBUF
    BUFGCTRL_X0Y0        BUFG (Prop_bufg_I_O)         0.091     3.341 r  clk_IBUF_BUFG_inst/O
                         net (fo=4337, routed)        1.444     4.785    u_uart_rx/clk_IBUF_BUFG
    SLICE_X33Y7          FDCE                                         r  u_uart_rx/data_reg_reg[7]/C

Slack:                    inf
  Source:                 btnC
                            (input port)
  Destination:            rst_sync_reg[0]/D
                            (rising edge-triggered cell FDRE clocked by sys_clk_pin  {rise@0.000ns fall@5.000ns period=10.000ns})
  Path Group:             (none)
  Path Type:              Setup (Max at Slow Process Corner)
  Data Path Delay:        2.354ns  (logic 1.441ns (61.232%)  route 0.913ns (38.768%))
  Logic Levels:           1  (IBUF=1)
  Clock Path Skew:        4.855ns (DCD - SCD + CPR)
    Destination Clock Delay (DCD):    4.855ns
    Source Clock Delay      (SCD):    0.000ns
    Clock Pessimism Removal (CPR):    0.000ns
  Clock Uncertainty:      0.025ns  ((TSJ^2 + TIJ^2)^1/2 + DJ) / 2 + PE
    Total System Jitter     (TSJ):    0.050ns
    Total Input Jitter      (TIJ):    0.000ns
    Discrete Jitter          (DJ):    0.000ns
    Phase Error              (PE):    0.000ns

    Location             Delay type                Incr(ns)  Path(ns)    Netlist Resource(s)
  -------------------------------------------------------------------    -------------------
    U18                                               0.000     0.000 r  btnC (IN)
                         net (fo=0)                   0.000     0.000    btnC
    U18                  IBUF (Prop_ibuf_I_O)         1.441     1.441 r  btnC_IBUF_inst/O
                         net (fo=1, routed)           0.913     2.354    btnC_IBUF
    SLICE_X2Y13          FDRE                                         r  rst_sync_reg[0]/D
  -------------------------------------------------------------------    -------------------

                         (clock sys_clk_pin rise edge)
                                                      0.000     0.000 r  
    W5                                                0.000     0.000 r  clk (IN)
                         net (fo=0)                   0.000     0.000    clk
    W5                   IBUF (Prop_ibuf_I_O)         1.388     1.388 r  clk_IBUF_inst/O
                         net (fo=1, routed)           1.862     3.250    clk_IBUF
    BUFGCTRL_X0Y0        BUFG (Prop_bufg_I_O)         0.091     3.341 r  clk_IBUF_BUFG_inst/O
                         net (fo=4337, routed)        1.514     4.855    clk_IBUF_BUFG
    SLICE_X2Y13          FDRE                                         r  rst_sync_reg[0]/C





Min Delay Paths
--------------------------------------------------------------------------------------
Slack:                    inf
  Source:                 btnC
                            (input port)
  Destination:            rst_sync_reg[0]/D
                            (rising edge-triggered cell FDRE clocked by sys_clk_pin  {rise@0.000ns fall@5.000ns period=10.000ns})
  Path Group:             (none)
  Path Type:              Hold (Min at Fast Process Corner)
  Data Path Delay:        0.571ns  (logic 0.210ns (36.691%)  route 0.362ns (63.309%))
  Logic Levels:           1  (IBUF=1)
  Clock Path Skew:        1.988ns (DCD - SCD - CPR)
    Destination Clock Delay (DCD):    1.988ns
    Source Clock Delay      (SCD):    0.000ns
    Clock Pessimism Removal (CPR):    -0.000ns

    Location             Delay type                Incr(ns)  Path(ns)    Netlist Resource(s)
  -------------------------------------------------------------------    -------------------
    U18                                               0.000     0.000 r  btnC (IN)
                         net (fo=0)                   0.000     0.000    btnC
    U18                  IBUF (Prop_ibuf_I_O)         0.210     0.210 r  btnC_IBUF_inst/O
                         net (fo=1, routed)           0.362     0.571    btnC_IBUF
    SLICE_X2Y13          FDRE                                         r  rst_sync_reg[0]/D
  -------------------------------------------------------------------    -------------------

                         (clock sys_clk_pin rise edge)
                                                      0.000     0.000 r  
    W5                                                0.000     0.000 r  clk (IN)
                         net (fo=0)                   0.000     0.000    clk
    W5                   IBUF (Prop_ibuf_I_O)         0.414     0.414 r  clk_IBUF_inst/O
                         net (fo=1, routed)           0.685     1.099    clk_IBUF
    BUFGCTRL_X0Y0        BUFG (Prop_bufg_I_O)         0.029     1.128 r  clk_IBUF_BUFG_inst/O
                         net (fo=4337, routed)        0.861     1.988    clk_IBUF_BUFG
    SLICE_X2Y13          FDRE                                         r  rst_sync_reg[0]/C

Slack:                    inf
  Source:                 RsRx
                            (input port)
  Destination:            u_uart_rx/data_reg_reg[7]/D
                            (rising edge-triggered cell FDCE clocked by sys_clk_pin  {rise@0.000ns fall@5.000ns period=10.000ns})
  Path Group:             (none)
  Path Type:              Hold (Min at Fast Process Corner)
  Data Path Delay:        2.054ns  (logic 0.224ns (10.920%)  route 1.830ns (89.080%))
  Logic Levels:           1  (IBUF=1)
  Clock Path Skew:        1.958ns (DCD - SCD - CPR)
    Destination Clock Delay (DCD):    1.958ns
    Source Clock Delay      (SCD):    0.000ns
    Clock Pessimism Removal (CPR):    -0.000ns

    Location             Delay type                Incr(ns)  Path(ns)    Netlist Resource(s)
  -------------------------------------------------------------------    -------------------
    B18                                               0.000     0.000 r  RsRx (IN)
                         net (fo=0)                   0.000     0.000    RsRx
    B18                  IBUF (Prop_ibuf_I_O)         0.224     0.224 r  RsRx_IBUF_inst/O
                         net (fo=2, routed)           1.830     2.054    u_uart_rx/data_reg_reg[7]_0[0]
    SLICE_X33Y7          FDCE                                         r  u_uart_rx/data_reg_reg[7]/D
  -------------------------------------------------------------------    -------------------

                         (clock sys_clk_pin rise edge)
                                                      0.000     0.000 r  
    W5                                                0.000     0.000 r  clk (IN)
                         net (fo=0)                   0.000     0.000    clk
    W5                   IBUF (Prop_ibuf_I_O)         0.414     0.414 r  clk_IBUF_inst/O
                         net (fo=1, routed)           0.685     1.099    clk_IBUF
    BUFGCTRL_X0Y0        BUFG (Prop_bufg_I_O)         0.029     1.128 r  clk_IBUF_BUFG_inst/O
                         net (fo=4337, routed)        0.831     1.958    u_uart_rx/clk_IBUF_BUFG
    SLICE_X33Y7          FDCE                                         r  u_uart_rx/data_reg_reg[7]/C

Slack:                    inf
  Source:                 RsRx
                            (input port)
  Destination:            u_uart_rx/FSM_sequential_current_state_reg[0]/D
                            (rising edge-triggered cell FDCE clocked by sys_clk_pin  {rise@0.000ns fall@5.000ns period=10.000ns})
  Path Group:             (none)
  Path Type:              Hold (Min at Fast Process Corner)
  Data Path Delay:        2.173ns  (logic 0.269ns (12.393%)  route 1.904ns (87.607%))
  Logic Levels:           2  (IBUF=1 LUT4=1)
  Clock Path Skew:        1.959ns (DCD - SCD - CPR)
    Destination Clock Delay (DCD):    1.959ns
    Source Clock Delay      (SCD):    0.000ns
    Clock Pessimism Removal (CPR):    -0.000ns

    Location             Delay type                Incr(ns)  Path(ns)    Netlist Resource(s)
  -------------------------------------------------------------------    -------------------
    B18                                               0.000     0.000 f  RsRx (IN)
                         net (fo=0)                   0.000     0.000    RsRx
    B18                  IBUF (Prop_ibuf_I_O)         0.224     0.224 f  RsRx_IBUF_inst/O
                         net (fo=2, routed)           1.904     2.128    u_uart_rx/baud_rate_generator/FSM_sequential_current_state_reg[0]_2[0]
    SLICE_X33Y3          LUT4 (Prop_lut4_I0_O)        0.045     2.173 r  u_uart_rx/baud_rate_generator/FSM_sequential_current_state[0]_i_1/O
                         net (fo=1, routed)           0.000     2.173    u_uart_rx/baud_rate_generator_n_275
    SLICE_X33Y3          FDCE                                         r  u_uart_rx/FSM_sequential_current_state_reg[0]/D
  -------------------------------------------------------------------    -------------------

                         (clock sys_clk_pin rise edge)
                                                      0.000     0.000 r  
    W5                                                0.000     0.000 r  clk (IN)
                         net (fo=0)                   0.000     0.000    clk
    W5                   IBUF (Prop_ibuf_I_O)         0.414     0.414 r  clk_IBUF_inst/O
                         net (fo=1, routed)           0.685     1.099    clk_IBUF
    BUFGCTRL_X0Y0        BUFG (Prop_bufg_I_O)         0.029     1.128 r  clk_IBUF_BUFG_inst/O
                         net (fo=4337, routed)        0.832     1.959    u_uart_rx/clk_IBUF_BUFG
    SLICE_X33Y3          FDCE                                         r  u_uart_rx/FSM_sequential_current_state_reg[0]/C





